game_id,home_team_id,away_team_id,season_id,game_date
2009091000,27,33,1,2009-09-10 00:00:00
2009091304,8,20,1,2009-09-13 00:00:00
2009091307,22,11,1,2009-09-13 00:00:00
2009091308,32,9,1,2009-09-13 00:00:00
2009091305,13,24,1,2009-09-13 00:00:00
2009091306,14,15,1,2009-09-13 00:00:00
2009091303,7,10,1,2009-09-13 00:00:00
2009091302,5,26,1,2009-09-13 00:00:00
2009091301,3,17,1,2009-09-13 00:00:00
2009091300,2,19,1,2009-09-13 00:00:00
2009091309,1,30,1,2009-09-13 00:00:00
2009091311,29,31,1,2009-09-13 00:00:00
2009091310,23,34,1,2009-09-13 00:00:00
2009091312,12,6,1,2009-09-13 00:00:00
2009091400,21,4,1,2009-09-14 00:00:00
2009091401,25,28,1,2009-09-14 00:00:00
2009092000,2,5,1,2009-09-20 00:00:00
2009092001,11,20,1,2009-09-20 00:00:00
2009092008,34,31,1,2009-09-20 00:00:00
2009092007,33,13,1,2009-09-20 00:00:00
2009092006,26,22,1,2009-09-20 00:00:00
2009092005,24,21,1,2009-09-20 00:00:00
2009092004,17,25,1,2009-09-20 00:00:00
2009092003,15,1,1,2009-09-20 00:00:00
2009092002,12,7,1,2009-09-20 00:00:00
2009092010,30,29,1,2009-09-20 00:00:00
2009092009,4,32,1,2009-09-20 00:00:00
2009092013,28,3,1,2009-09-20 00:00:00
2009092012,10,8,1,2009-09-20 00:00:00
2009092011,6,27,1,2009-09-20 00:00:00
2009092014,9,23,1,2009-09-20 00:00:00
2009092100,19,14,1,2009-09-21 00:00:00
2009092700,3,8,1,2009-09-27 00:00:00
2009092711,24,33,1,2009-09-27 00:00:00
2009092702,11,34,1,2009-09-27 00:00:00
2009092703,13,15,1,2009-09-27 00:00:00
2009092704,20,30,1,2009-09-27 00:00:00
2009092705,21,2,1,2009-09-27 00:00:00
2009092708,32,23,1,2009-09-27 00:00:00
2009092706,26,17,1,2009-09-27 00:00:00
2009092707,31,12,1,2009-09-27 00:00:00
2009092709,4,22,1,2009-09-27 00:00:00
2009092710,29,6,1,2009-09-27 00:00:00
2009092701,7,27,1,2009-09-27 00:00:00
2009092713,28,19,1,2009-09-27 00:00:00
2009092712,25,10,1,2009-09-27 00:00:00
2009092714,1,14,1,2009-09-27 00:00:00
2009092800,9,5,1,2009-09-28 00:00:00
2009100400,6,11,1,2009-10-04 00:00:00
2009100401,8,7,1,2009-10-04 00:00:00
2009100402,13,25,1,2009-10-04 00:00:00
2009100403,14,29,1,2009-10-04 00:00:00
2009100404,15,33,1,2009-10-04 00:00:00
2009100405,17,23,1,2009-10-04 00:00:00
2009100406,21,3,1,2009-10-04 00:00:00
2009100407,34,32,1,2009-10-04 00:00:00
2009100408,19,4,1,2009-10-04 00:00:00
2009100409,22,24,1,2009-10-04 00:00:00
2009100410,10,9,1,2009-10-04 00:00:00
2009100411,30,31,1,2009-10-04 00:00:00
2009100412,27,28,1,2009-10-04 00:00:00
2009100500,20,12,1,2009-10-05 00:00:00
2009101107,31,20,1,2009-10-11 00:00:00
2009101106,26,32,1,2009-10-11 00:00:00
2009101104,17,9,1,2009-10-11 00:00:00
2009101103,11,27,1,2009-10-11 00:00:00
2009101102,5,34,1,2009-10-11 00:00:00
2009101101,4,8,1,2009-10-11 00:00:00
2009101105,23,25,1,2009-10-11 00:00:00
2009101100,3,7,1,2009-10-11 00:00:00
2009101108,30,2,1,2009-10-11 00:00:00
2009101111,29,15,1,2009-10-11 00:00:00
2009101110,10,21,1,2009-10-11 00:00:00
2009101109,1,13,1,2009-10-11 00:00:00
2009101112,33,14,1,2009-10-11 00:00:00
2009101200,19,24,1,2009-10-12 00:00:00
2009101800,7,13,1,2009-10-18 00:00:00
2009101801,12,11,1,2009-10-18 00:00:00
2009101802,15,31,1,2009-10-18 00:00:00
2009101803,20,3,1,2009-10-18 00:00:00
2009101804,22,23,1,2009-10-18 00:00:00
2009101805,27,8,1,2009-10-18 00:00:00
2009101806,32,5,1,2009-10-18 00:00:00
2009101807,34,17,1,2009-10-18 00:00:00
2009101808,25,26,1,2009-10-18 00:00:00
2009101809,29,1,1,2009-10-18 00:00:00
2009101810,21,33,1,2009-10-18 00:00:00
2009101811,24,4,1,2009-10-18 00:00:00
2009101812,2,6,1,2009-10-18 00:00:00
2009101900,28,10,1,2009-10-19 00:00:00
2009102506,32,21,1,2009-10-25 00:00:00
2009102505,31,14,1,2009-10-25 00:00:00
2009102504,27,20,1,2009-10-25 00:00:00
2009102503,17,28,1,2009-10-25 00:00:00
2009102502,13,30,1,2009-10-25 00:00:00
2009102501,8,12,1,2009-10-25 00:00:00
2009102508,25,24,1,2009-10-25 00:00:00
2009102507,5,4,1,2009-10-25 00:00:00
2009102510,19,22,1,2009-10-25 00:00:00
2009102509,9,2,1,2009-10-25 00:00:00
2009102500,7,6,1,2009-10-25 00:00:00
2009102511,23,1,1,2009-10-25 00:00:00
2009102600,34,26,1,2009-10-26 00:00:00
2009110100,3,10,1,2009-11-01 00:00:00
2009110101,4,13,1,2009-11-01 00:00:00
2009110102,6,8,1,2009-11-01 00:00:00
2009110103,9,29,1,2009-11-01 00:00:00
2009110104,11,31,1,2009-11-01 00:00:00
2009110106,14,30,1,2009-11-01 00:00:00
2009110111,26,23,1,2009-11-01 00:00:00
2009110107,24,19,1,2009-11-01 00:00:00
2009110108,28,25,1,2009-11-01 00:00:00
2009110109,33,15,1,2009-11-01 00:00:00
2009110110,1,5,1,2009-11-01 00:00:00
2009110105,12,20,1,2009-11-01 00:00:00
2009110200,22,2,1,2009-11-02 00:00:00
2009110800,2,34,1,2009-11-08 00:00:00
2009110801,6,1,1,2009-11-08 00:00:00
2009110802,7,3,1,2009-11-08 00:00:00
2009110803,14,13,1,2009-11-08 00:00:00
2009110804,15,17,1,2009-11-08 00:00:00
2009110805,21,19,1,2009-11-08 00:00:00
2009110806,32,12,1,2009-11-08 00:00:00
2009110807,22,5,1,2009-11-08 00:00:00
2009110808,29,11,1,2009-11-08 00:00:00
2009110809,23,28,1,2009-11-08 00:00:00
2009110810,30,33,1,2009-11-08 00:00:00
2009110811,26,9,1,2009-11-08 00:00:00
2009110900,10,27,1,2009-11-09 00:00:00
2009111200,30,6,1,2009-11-12 00:00:00
2009111500,5,2,1,2009-11-15 00:00:00
2009111507,34,10,1,2009-11-15 00:00:00
2009111506,33,4,1,2009-11-15 00:00:00
2009111505,31,22,1,2009-11-15 00:00:00
2009111504,27,7,1,2009-11-15 00:00:00
2009111503,24,15,1,2009-11-15 00:00:00
2009111501,19,32,1,2009-11-15 00:00:00
2009111502,20,11,1,2009-11-15 00:00:00
2009111508,25,17,1,2009-11-15 00:00:00
2009111510,12,9,1,2009-11-15 00:00:00
2009111509,1,29,1,2009-11-15 00:00:00
2009111511,28,26,1,2009-11-15 00:00:00
2009111512,14,21,1,2009-11-15 00:00:00
2009111600,8,3,1,2009-11-16 00:00:00
2009111900,5,19,1,2009-11-19 00:00:00
2009112200,3,14,1,2009-11-22 00:00:00
2009112208,32,22,1,2009-11-22 00:00:00
2009112207,23,2,1,2009-11-22 00:00:00
2009112206,20,29,1,2009-11-22 00:00:00
2009112205,17,27,1,2009-11-22 00:00:00
2009112204,15,4,1,2009-11-22 00:00:00
2009112201,9,34,1,2009-11-22 00:00:00
2009112202,11,8,1,2009-11-22 00:00:00
2009112203,12,30,1,2009-11-22 00:00:00
2009112209,31,1,1,2009-11-22 00:00:00
2009112210,10,28,1,2009-11-22 00:00:00
2009112212,25,7,1,2009-11-22 00:00:00
2009112211,21,24,1,2009-11-22 00:00:00
2009112213,6,26,1,2009-11-22 00:00:00
2009112300,13,33,1,2009-11-23 00:00:00
2009112600,11,12,1,2009-11-26 00:00:00
2009112601,9,25,1,2009-11-26 00:00:00
2009112602,10,23,1,2009-11-26 00:00:00
2009112901,4,19,1,2009-11-29 00:00:00
2009112900,2,32,1,2009-11-29 00:00:00
2009112902,7,8,1,2009-11-29 00:00:00
2009112907,31,29,1,2009-11-29 00:00:00
2009112903,13,14,1,2009-11-29 00:00:00
2009112905,24,5,1,2009-11-29 00:00:00
2009112906,26,34,1,2009-11-29 00:00:00
2009112910,30,15,1,2009-11-29 00:00:00
2009112909,28,17,1,2009-11-29 00:00:00
2009112908,33,1,1,2009-11-29 00:00:00
2009112904,20,6,1,2009-11-29 00:00:00
2009112911,3,27,1,2009-11-29 00:00:00
2009113000,22,21,1,2009-11-30 00:00:00
2009120300,4,24,1,2009-12-03 00:00:00
2009120600,2,26,1,2009-12-06 00:00:00
2009120613,19,21,1,2009-12-06 00:00:00
2009120608,34,22,1,2009-12-06 00:00:00
2009120607,27,25,1,2009-12-06 00:00:00
2009120606,17,10,1,2009-12-06 00:00:00
2009120601,5,32,1,2009-12-06 00:00:00
2009120602,6,31,1,2009-12-06 00:00:00
2009120603,7,11,1,2009-12-06 00:00:00
2009120604,14,33,1,2009-12-06 00:00:00
2009120605,15,13,1,2009-12-06 00:00:00
2009120609,8,28,1,2009-12-06 00:00:00
2009120612,29,30,1,2009-12-06 00:00:00
2009120611,23,9,1,2009-12-06 00:00:00
2009120610,1,20,1,2009-12-06 00:00:00
2009120700,12,3,1,2009-12-07 00:00:00
2009121000,8,27,1,2009-12-10 00:00:00
2009121303,13,29,1,2009-12-13 00:00:00
2009121306,17,4,1,2009-12-13 00:00:00
2009121307,20,7,1,2009-12-13 00:00:00
2009121308,21,5,1,2009-12-13 00:00:00
2009121309,32,24,1,2009-12-13 00:00:00
2009121304,14,10,1,2009-12-13 00:00:00
2009121305,15,19,1,2009-12-13 00:00:00
2009121302,6,12,1,2009-12-13 00:00:00
2009121301,3,11,1,2009-12-13 00:00:00
2009121300,2,22,1,2009-12-13 00:00:00
2009121310,33,31,1,2009-12-13 00:00:00
2009121311,25,34,1,2009-12-13 00:00:00
2009121312,9,28,1,2009-12-13 00:00:00
2009121313,23,26,1,2009-12-13 00:00:00
2009121400,30,1,1,2009-12-14 00:00:00
2009121700,15,14,1,2009-12-17 00:00:00
2009121900,22,9,1,2009-12-19 00:00:00
2009122007,31,13,1,2009-12-20 00:00:00
2009122003,17,8,1,2009-12-20 00:00:00
2009122004,24,2,1,2009-12-20 00:00:00
2009122001,4,21,1,2009-12-20 00:00:00
2009122008,33,19,1,2009-12-20 00:00:00
2009122002,11,1,1,2009-12-20 00:00:00
2009122009,10,25,1,2009-12-20 00:00:00
2009122010,28,7,1,2009-12-20 00:00:00
2009122006,27,12,1,2009-12-20 00:00:00
2009122000,3,6,1,2009-12-20 00:00:00
2009122005,26,30,1,2009-12-20 00:00:00
2009122011,29,32,1,2009-12-20 00:00:00
2009122012,5,20,1,2009-12-20 00:00:00
2009122100,34,23,1,2009-12-21 00:00:00
2009122500,33,28,1,2009-12-25 00:00:00
2009122700,2,4,1,2009-12-27 00:00:00
2009122709,27,3,1,2009-12-27 00:00:00
2009122707,22,32,1,2009-12-27 00:00:00
2009122706,21,15,1,2009-12-27 00:00:00
2009122705,23,5,1,2009-12-27 00:00:00
2009122704,19,13,1,2009-12-27 00:00:00
2009122701,7,17,1,2009-12-27 00:00:00
2009122702,8,25,1,2009-12-27 00:00:00
2009122703,12,29,1,2009-12-27 00:00:00
2009122710,1,31,1,2009-12-27 00:00:00
2009122711,30,11,1,2009-12-27 00:00:00
2009122708,26,10,1,2009-12-27 00:00:00
2009122712,14,24,1,2009-12-27 00:00:00
2009122713,34,9,1,2009-12-27 00:00:00
2009122800,6,20,1,2009-12-28 00:00:00
2010010300,4,14,1,2010-01-03 00:00:00
2010010301,5,22,1,2010-01-03 00:00:00
2010010310,32,2,1,2010-01-03 00:00:00
2010010309,31,30,1,2010-01-03 00:00:00
2010010307,20,23,1,2010-01-03 00:00:00
2010010306,19,27,1,2010-01-03 00:00:00
2010010305,13,21,1,2010-01-03 00:00:00
2010010304,11,6,1,2010-01-03 00:00:00
2010010302,8,15,1,2010-01-03 00:00:00
2010010312,10,17,1,2010-01-03 00:00:00
2010010311,1,12,1,2010-01-03 00:00:00
2010010314,28,34,1,2010-01-03 00:00:00
2010010313,25,3,1,2010-01-03 00:00:00
2010010303,9,26,1,2010-01-03 00:00:00
2010010315,29,33,1,2010-01-03 00:00:00
2010010308,24,7,1,2010-01-03 00:00:00
2010090900,22,20,2,2010-09-09 00:00:00
2010091200,32,8,2,2010-09-12 00:00:00
2010091209,27,2,2,2010-09-12 00:00:00
2010091207,6,11,2,2010-09-12 00:00:00
2010091206,23,5,2,2010-09-12 00:00:00
2010091205,33,25,2,2010-09-12 00:00:00
2010091204,15,10,2,2010-09-12 00:00:00
2010091201,4,19,2,2010-09-12 00:00:00
2010091202,21,7,2,2010-09-12 00:00:00
2010091203,13,14,2,2010-09-12 00:00:00
2010091210,26,12,2,2010-09-12 00:00:00
2010091208,31,1,2,2010-09-12 00:00:00
2010091211,29,30,2,2010-09-12 00:00:00
2010091212,34,9,2,2010-09-12 00:00:00
2010091300,24,3,2,2010-09-13 00:00:00
2010091301,17,28,2,2010-09-13 00:00:00
2010091901,12,4,2,2010-09-19 00:00:00
2010091912,7,3,2,2010-09-19 00:00:00
2010091908,5,32,2,2010-09-19 00:00:00
2010091907,2,1,2,2010-09-19 00:00:00
2010091906,11,26,2,2010-09-19 00:00:00
2010091905,9,6,2,2010-09-19 00:00:00
2010091904,33,27,2,2010-09-19 00:00:00
2010091902,20,19,2,2010-09-19 00:00:00
2010091903,8,17,2,2010-09-19 00:00:00
2010091910,25,31,2,2010-09-19 00:00:00
2010091909,10,29,2,2010-09-19 00:00:00
2010091911,24,21,2,2010-09-19 00:00:00
2010091913,28,15,2,2010-09-19 00:00:00
2010091900,34,13,2,2010-09-19 00:00:00
2010091914,14,23,2,2010-09-19 00:00:00
2010092000,30,22,2,2010-09-20 00:00:00
2010092600,23,33,2,2010-09-26 00:00:00
2010092601,5,7,2,2010-09-26 00:00:00
2010092602,32,27,2,2010-09-26 00:00:00
2010092603,21,4,2,2010-09-26 00:00:00
2010092608,13,9,2,2010-09-26 00:00:00
2010092605,20,11,2,2010-09-26 00:00:00
2010092606,22,2,2,2010-09-26 00:00:00
2010092609,17,30,2,2010-09-26 00:00:00
2010092604,3,8,2,2010-09-26 00:00:00
2010092607,31,34,2,2010-09-26 00:00:00
2010092610,15,26,2,2010-09-26 00:00:00
2010092611,10,14,2,2010-09-26 00:00:00
2010092612,1,25,2,2010-09-26 00:00:00
2010092613,29,28,2,2010-09-26 00:00:00
2010092614,19,24,2,2010-09-26 00:00:00
2010092700,6,12,2,2010-09-27 00:00:00
2010100300,4,24,2,2010-10-03 00:00:00
2010100301,8,7,2,2010-10-03 00:00:00
2010100302,27,3,2,2010-10-03 00:00:00
2010100303,33,10,2,2010-10-03 00:00:00
2010100304,12,11,2,2010-10-03 00:00:00
2010100305,2,30,2,2010-10-03 00:00:00
2010100306,22,5,2,2010-10-03 00:00:00
2010100307,31,29,2,2010-10-03 00:00:00
2010100308,15,14,2,2010-10-03 00:00:00
2010100309,25,13,2,2010-10-03 00:00:00
2010100310,26,34,2,2010-10-03 00:00:00
2010100311,28,1,2,2010-10-03 00:00:00
2010100312,23,6,2,2010-10-03 00:00:00
2010100400,19,21,2,2010-10-04 00:00:00
2010101000,4,15,2,2010-10-10 00:00:00
2010101001,3,10,2,2010-10-10 00:00:00
2010101002,14,17,2,2010-10-10 00:00:00
2010101003,34,12,2,2010-10-10 00:00:00
2010101004,11,31,2,2010-10-10 00:00:00
2010101005,5,6,2,2010-10-10 00:00:00
2010101006,7,32,2,2010-10-10 00:00:00
2010101008,13,23,2,2010-10-10 00:00:00
2010101007,8,2,2,2010-10-10 00:00:00
2010101009,1,22,2,2010-10-10 00:00:00
2010101010,9,33,2,2010-10-10 00:00:00
2010101011,25,28,2,2010-10-10 00:00:00
2010101012,30,26,2,2010-10-10 00:00:00
2010101100,24,20,2,2010-10-11 00:00:00
2010101700,12,19,2,2010-10-17 00:00:00
2010101701,31,28,2,2010-10-17 00:00:00
2010101702,21,3,2,2010-10-17 00:00:00
2010101703,27,8,2,2010-10-17 00:00:00
2010101704,13,17,2,2010-10-17 00:00:00
2010101705,23,11,2,2010-10-17 00:00:00
2010101706,26,2,2,2010-10-17 00:00:00
2010101708,32,22,2,2010-10-17 00:00:00
2010101707,6,29,2,2010-10-17 00:00:00
2010101709,10,24,2,2010-10-17 00:00:00
2010101710,30,25,2,2010-10-17 00:00:00
2010101711,20,9,2,2010-10-17 00:00:00
2010101712,34,14,2,2010-10-17 00:00:00
2010101800,15,33,2,2010-10-18 00:00:00
2010102400,2,7,2,2010-10-24 00:00:00
2010102401,19,27,2,2010-10-24 00:00:00
2010102402,3,4,2,2010-10-24 00:00:00
2010102403,17,15,2,2010-10-24 00:00:00
2010102404,22,8,2,2010-10-24 00:00:00
2010102405,6,34,2,2010-10-24 00:00:00
2010102406,5,30,2,2010-10-24 00:00:00
2010102408,33,26,2,2010-10-24 00:00:00
2010102407,32,31,2,2010-10-24 00:00:00
2010102409,29,1,2,2010-10-24 00:00:00
2010102410,28,21,2,2010-10-24 00:00:00
2010102411,10,25,2,2010-10-24 00:00:00
2010102412,12,20,2,2010-10-24 00:00:00
2010102500,9,23,2,2010-10-25 00:00:00
2010103100,30,10,2,2010-10-31 00:00:00
2010103101,9,15,2,2010-10-31 00:00:00
2010103102,7,19,2,2010-10-31 00:00:00
2010103103,17,4,2,2010-10-31 00:00:00
2010103104,11,34,2,2010-10-31 00:00:00
2010103105,31,5,2,2010-10-31 00:00:00
2010103106,24,12,2,2010-10-31 00:00:00
2010103107,28,33,2,2010-10-31 00:00:00
2010103108,21,20,2,2010-10-31 00:00:00
2010103109,1,32,2,2010-10-31 00:00:00
2010103110,25,29,2,2010-10-31 00:00:00
2010103111,22,27,2,2010-10-31 00:00:00
2010110100,14,13,2,2010-11-01 00:00:00
2010110700,11,24,2,2010-11-07 00:00:00
2010110701,3,19,2,2010-11-07 00:00:00
2010110702,8,21,2,2010-11-07 00:00:00
2010110703,13,28,2,2010-11-07 00:00:00
2010110704,4,6,2,2010-11-07 00:00:00
2010110705,20,1,2,2010-11-07 00:00:00
2010110706,2,32,2,2010-11-07 00:00:00
2010110707,5,22,2,2010-11-07 00:00:00
2010110708,29,23,2,2010-11-07 00:00:00
2010110709,26,14,2,2010-11-07 00:00:00
2010110710,25,17,2,2010-11-07 00:00:00
2010110711,12,9,2,2010-11-07 00:00:00
2010110800,7,27,2,2010-11-08 00:00:00
2010111100,2,3,2,2010-11-11 00:00:00
2010111406,4,11,2,2010-11-14 00:00:00
2010111405,32,5,2,2010-11-14 00:00:00
2010111403,15,13,2,2010-11-14 00:00:00
2010111402,14,7,2,2010-11-14 00:00:00
2010111401,8,24,2,2010-11-14 00:00:00
2010111400,19,33,2,2010-11-14 00:00:00
2010111404,6,20,2,2010-11-14 00:00:00
2010111407,10,17,2,2010-11-14 00:00:00
2010111410,30,31,2,2010-11-14 00:00:00
2010111409,1,29,2,2010-11-14 00:00:00
2010111408,23,9,2,2010-11-14 00:00:00
2010111411,27,21,2,2010-11-14 00:00:00
2010111500,34,26,2,2010-11-15 00:00:00
2010111800,19,6,2,2010-11-18 00:00:00
2010112100,5,3,2,2010-11-21 00:00:00
2010112109,17,1,2,2010-11-21 00:00:00
2010112108,33,34,2,2010-11-21 00:00:00
2010112106,20,12,2,2010-11-21 00:00:00
2010112105,9,11,2,2010-11-21 00:00:00
2010112104,15,8,2,2010-11-21 00:00:00
2010112101,24,13,2,2010-11-21 00:00:00
2010112102,7,4,2,2010-11-21 00:00:00
2010112103,27,25,2,2010-11-21 00:00:00
2010112110,31,2,2,2010-11-21 00:00:00
2010112107,22,29,2,2010-11-21 00:00:00
2010112111,30,32,2,2010-11-21 00:00:00
2010112112,21,14,2,2010-11-21 00:00:00
2010112113,26,23,2,2010-11-21 00:00:00
2010112200,28,10,2,2010-11-22 00:00:00
2010112500,11,21,2,2010-11-25 00:00:00
2010112501,9,22,2,2010-11-25 00:00:00
2010112502,24,7,2,2010-11-25 00:00:00
2010112803,34,20,2,2010-11-28 00:00:00
2010112807,8,5,2,2010-11-28 00:00:00
2010112801,4,27,2,2010-11-28 00:00:00
2010112800,23,15,2,2010-11-28 00:00:00
2010112802,13,33,2,2010-11-28 00:00:00
2010112805,2,12,2,2010-11-28 00:00:00
2010112808,29,17,2,2010-11-28 00:00:00
2010112809,25,19,2,2010-11-28 00:00:00
2010112806,3,32,2,2010-11-28 00:00:00
2010112804,6,26,2,2010-11-28 00:00:00
2010112810,10,31,2,2010-11-28 00:00:00
2010112811,14,28,2,2010-11-28 00:00:00
2010112900,1,30,2,2010-11-29 00:00:00
2010120200,26,13,2,2010-12-02 00:00:00
2010120500,20,4,2,2010-12-05 00:00:00
2010120508,7,22,2,2010-12-05 00:00:00
2010120506,12,30,2,2010-12-05 00:00:00
2010120505,11,6,2,2010-12-05 00:00:00
2010120504,23,34,2,2010-12-05 00:00:00
2010120503,17,10,2,2010-12-05 00:00:00
2010120502,33,15,2,2010-12-05 00:00:00
2010120501,19,8,2,2010-12-05 00:00:00
2010120509,28,25,2,2010-12-05 00:00:00
2010120512,29,5,2,2010-12-05 00:00:00
2010120511,1,31,2,2010-12-05 00:00:00
2010120510,14,9,2,2010-12-05 00:00:00
2010120507,32,2,2,2010-12-05 00:00:00
2010120513,3,27,2,2010-12-05 00:00:00
2010120600,21,24,2,2010-12-06 00:00:00
2010120900,33,14,2,2010-12-09 00:00:00
2010121203,15,25,2,2010-12-12 00:00:00
2010121207,5,2,2,2010-12-12 00:00:00
2010121201,4,8,2,2010-12-12 00:00:00
2010121202,27,7,2,2010-12-12 00:00:00
2010121204,34,32,2,2010-12-12 00:00:00
2010121205,11,12,2,2010-12-12 00:00:00
2010121208,22,31,2,2010-12-12 00:00:00
2010121209,30,29,2,2010-12-12 00:00:00
2010121200,6,21,2,2010-12-12 00:00:00
2010121212,28,17,2,2010-12-12 00:00:00
2010121211,1,10,2,2010-12-12 00:00:00
2010121210,24,19,2,2010-12-12 00:00:00
2010121213,9,26,2,2010-12-12 00:00:00
2010121301,20,23,2,2010-12-13 00:00:00
2010121300,13,3,2,2010-12-13 00:00:00
2010121600,28,30,2,2010-12-16 00:00:00
2010121900,31,17,2,2010-12-19 00:00:00
2010121909,3,22,2,2010-12-19 00:00:00
2010121908,32,11,2,2010-12-19 00:00:00
2010121907,5,1,2,2010-12-19 00:00:00
2010121906,23,26,2,2010-12-19 00:00:00
2010121901,19,4,2,2010-12-19 00:00:00
2010121902,7,8,2,2010-12-19 00:00:00
2010121903,14,15,2,2010-12-19 00:00:00
2010121904,33,13,2,2010-12-19 00:00:00
2010121905,9,34,2,2010-12-19 00:00:00
2010121910,29,2,2,2010-12-19 00:00:00
2010121912,25,10,2,2010-12-19 00:00:00
2010121911,27,24,2,2010-12-19 00:00:00
2010121913,21,12,2,2010-12-19 00:00:00
2010122000,20,6,2,2010-12-20 00:00:00
2010122300,27,5,2,2010-12-23 00:00:00
2010122500,1,9,2,2010-12-25 00:00:00
2010122602,8,3,2,2010-12-26 00:00:00
2010122603,17,33,2,2010-12-26 00:00:00
2010122601,4,21,2,2010-12-26 00:00:00
2010122600,6,24,2,2010-12-26 00:00:00
2010122606,31,30,2,2010-12-26 00:00:00
2010122608,15,34,2,2010-12-26 00:00:00
2010122607,19,11,2,2010-12-26 00:00:00
2010122609,10,13,2,2010-12-26 00:00:00
2010122610,25,14,2,2010-12-26 00:00:00
2010122612,7,28,2,2010-12-26 00:00:00
2010122611,12,23,2,2010-12-26 00:00:00
2010122605,32,29,2,2010-12-26 00:00:00
2010122700,2,22,2,2010-12-27 00:00:00
2010122800,26,20,2,2010-12-28 00:00:00
2011010211,2,5,2,2011-01-02 00:00:00
2011010203,8,27,2,2011-01-02 00:00:00
2011010209,11,20,2,2011-01-02 00:00:00
2011010202,3,7,2,2011-01-02 00:00:00
2011010200,21,19,2,2011-01-02 00:00:00
2011010201,24,4,2,2011-01-02 00:00:00
2011010206,17,25,2,2011-01-02 00:00:00
2011010212,22,32,2,2011-01-02 00:00:00
2011010210,12,6,2,2011-01-02 00:00:00
2011010208,34,23,2,2011-01-02 00:00:00
2011010205,14,33,2,2011-01-02 00:00:00
2011010204,13,15,2,2011-01-02 00:00:00
2011010207,26,9,2,2011-01-02 00:00:00
2011010213,10,28,2,2011-01-02 00:00:00
2011010214,30,1,2,2011-01-02 00:00:00
2011010215,29,31,2,2011-01-02 00:00:00
2011090800,12,22,3,2011-09-08 00:00:00
2011091100,3,27,3,2011-09-11 00:00:00
2011091107,31,26,3,2011-09-11 00:00:00
2011091106,32,11,3,2011-09-11 00:00:00
2011091105,6,2,3,2011-09-11 00:00:00
2011091104,17,4,3,2011-09-11 00:00:00
2011091103,15,33,3,2011-09-11 00:00:00
2011091102,13,14,3,2011-09-11 00:00:00
2011091101,8,7,3,2011-09-11 00:00:00
2011091111,28,20,3,2011-09-11 00:00:00
2011091110,30,29,3,2011-09-11 00:00:00
2011091109,1,5,3,2011-09-11 00:00:00
2011091108,34,23,3,2011-09-11 00:00:00
2011091112,24,9,3,2011-09-11 00:00:00
2011091200,19,21,3,2011-09-12 00:00:00
2011091201,10,25,3,2011-09-12 00:00:00
2011091800,11,17,3,2011-09-18 00:00:00
2011091801,4,25,3,2011-09-18 00:00:00
2011091809,27,29,3,2011-09-18 00:00:00
2011091808,22,6,3,2011-09-18 00:00:00
2011091807,5,12,3,2011-09-18 00:00:00
2011091806,20,32,3,2011-09-18 00:00:00
2011091805,34,1,3,2011-09-18 00:00:00
2011091802,33,3,3,2011-09-18 00:00:00
2011091803,24,15,3,2011-09-18 00:00:00
2011091804,14,8,3,2011-09-18 00:00:00
2011091810,30,9,3,2011-09-18 00:00:00
2011091811,21,28,3,2011-09-18 00:00:00
2011091813,19,13,3,2011-09-18 00:00:00
2011091812,10,7,3,2011-09-18 00:00:00
2011091814,2,26,3,2011-09-18 00:00:00
2011091900,23,31,3,2011-09-19 00:00:00
2011092500,5,15,3,2011-09-25 00:00:00
2011092501,22,13,3,2011-09-25 00:00:00
2011092507,7,30,3,2011-09-25 00:00:00
2011092506,20,11,3,2011-09-25 00:00:00
2011092505,26,23,3,2011-09-25 00:00:00
2011092504,33,10,3,2011-09-25 00:00:00
2011092503,8,19,3,2011-09-25 00:00:00
2011092502,4,21,3,2011-09-25 00:00:00
2011092508,25,24,3,2011-09-25 00:00:00
2011092510,31,3,3,2011-09-25 00:00:00
2011092509,28,17,3,2011-09-25 00:00:00
2011092513,32,2,3,2011-09-25 00:00:00
2011092512,29,1,3,2011-09-25 00:00:00
2011092511,6,12,3,2011-09-25 00:00:00
2011092514,14,27,3,2011-09-25 00:00:00
2011092600,9,34,3,2011-09-26 00:00:00
2011100200,7,4,3,2011-10-02 00:00:00
2011100201,8,33,3,2011-10-02 00:00:00
2011100208,17,20,3,2011-10-02 00:00:00
2011100207,15,22,3,2011-10-02 00:00:00
2011100206,31,34,3,2011-10-02 00:00:00
2011100205,6,5,3,2011-10-02 00:00:00
2011100204,26,30,3,2011-10-02 00:00:00
2011100203,9,11,3,2011-10-02 00:00:00
2011100202,13,27,3,2011-10-02 00:00:00
2011100210,29,2,3,2011-10-02 00:00:00
2011100209,1,23,3,2011-10-02 00:00:00
2011100213,28,19,3,2011-10-02 00:00:00
2011100212,25,21,3,2011-10-02 00:00:00
2011100211,12,10,3,2011-10-02 00:00:00
2011100214,3,24,3,2011-10-02 00:00:00
2011100300,32,14,3,2011-10-03 00:00:00
2011100900,27,33,3,2011-10-09 00:00:00
2011100901,13,25,3,2011-10-09 00:00:00
2011100902,14,17,3,2011-10-09 00:00:00
2011100903,15,7,3,2011-10-09 00:00:00
2011100904,23,29,3,2011-10-09 00:00:00
2011100905,20,1,3,2011-10-09 00:00:00
2011100906,5,22,3,2011-10-09 00:00:00
2011100907,4,26,3,2011-10-09 00:00:00
2011100908,30,32,3,2011-10-09 00:00:00
2011100909,21,24,3,2011-10-09 00:00:00
2011100910,10,28,3,2011-10-09 00:00:00
2011100911,2,12,3,2011-10-09 00:00:00
2011101000,11,6,3,2011-10-10 00:00:00
2011101600,23,4,3,2011-10-16 00:00:00
2011101601,7,14,3,2011-10-16 00:00:00
2011101602,27,15,3,2011-10-16 00:00:00
2011101603,34,26,3,2011-10-16 00:00:00
2011101604,11,30,3,2011-10-16 00:00:00
2011101605,12,31,3,2011-10-16 00:00:00
2011101606,2,5,3,2011-10-16 00:00:00
2011101607,25,8,3,2011-10-16 00:00:00
2011101608,3,13,3,2011-10-16 00:00:00
2011101609,32,22,3,2011-10-16 00:00:00
2011101610,21,9,3,2011-10-16 00:00:00
2011101611,6,20,3,2011-10-16 00:00:00
2011101700,24,19,3,2011-10-17 00:00:00
2011102300,19,10,3,2011-10-23 00:00:00
2011102301,24,28,3,2011-10-23 00:00:00
2011102302,33,13,3,2011-10-23 00:00:00
2011102303,11,2,3,2011-10-23 00:00:00
2011102304,5,34,3,2011-10-23 00:00:00
2011102305,32,6,3,2011-10-23 00:00:00
2011102306,8,29,3,2011-10-23 00:00:00
2011102307,1,27,3,2011-10-23 00:00:00
2011102308,25,17,3,2011-10-23 00:00:00
2011102309,20,12,3,2011-10-23 00:00:00
2011102310,9,31,3,2011-10-23 00:00:00
2011102311,22,14,3,2011-10-23 00:00:00
2011102400,15,3,3,2011-10-24 00:00:00
2011103000,23,19,3,2011-10-30 00:00:00
2011103001,13,15,3,2011-10-30 00:00:00
2011103002,33,14,3,2011-10-30 00:00:00
2011103003,5,20,3,2011-10-30 00:00:00
2011103004,31,22,3,2011-10-30 00:00:00
2011103005,3,1,3,2011-10-30 00:00:00
2011103006,10,11,3,2011-10-30 00:00:00
2011103007,4,34,3,2011-10-30 00:00:00
2011103008,27,21,3,2011-10-30 00:00:00
2011103009,30,8,3,2011-10-30 00:00:00
2011103010,29,7,3,2011-10-30 00:00:00
2011103011,26,9,3,2011-10-30 00:00:00
2011103100,17,28,3,2011-10-31 00:00:00
2011110600,4,24,3,2011-11-06 00:00:00
2011110601,13,8,3,2011-11-06 00:00:00
2011110602,17,19,3,2011-11-06 00:00:00
2011110603,9,29,3,2011-11-06 00:00:00
2011110604,34,30,3,2011-11-06 00:00:00
2011110605,22,32,3,2011-11-06 00:00:00
2011110606,14,2,3,2011-11-06 00:00:00
2011110607,25,10,3,2011-11-06 00:00:00
2011110608,33,7,3,2011-11-06 00:00:00
2011110609,21,23,3,2011-11-06 00:00:00
2011110610,28,12,3,2011-11-06 00:00:00
2011110611,1,31,3,2011-11-06 00:00:00
2011110612,27,3,3,2011-11-06 00:00:00
2011110700,26,6,3,2011-11-07 00:00:00
2011111000,28,25,3,2011-11-10 00:00:00
2011111300,9,4,3,2011-11-13 00:00:00
2011111310,8,31,3,2011-11-13 00:00:00
2011111309,19,34,3,2011-11-13 00:00:00
2011111308,2,22,3,2011-11-13 00:00:00
2011111306,26,1,3,2011-11-13 00:00:00
2011111301,5,33,3,2011-11-13 00:00:00
2011111302,32,13,3,2011-11-13 00:00:00
2011111303,7,27,3,2011-11-13 00:00:00
2011111304,14,15,3,2011-11-13 00:00:00
2011111305,17,10,3,2011-11-13 00:00:00
2011111311,29,3,3,2011-11-13 00:00:00
2011111307,6,11,3,2011-11-13 00:00:00
2011111312,30,23,3,2011-11-13 00:00:00
2011111313,24,21,3,2011-11-13 00:00:00
2011111400,12,20,3,2011-11-14 00:00:00
2011111700,10,24,3,2011-11-17 00:00:00
2011112000,20,25,3,2011-11-20 00:00:00
2011112005,34,9,3,2011-11-20 00:00:00
2011112007,12,32,3,2011-11-20 00:00:00
2011112006,11,5,3,2011-11-20 00:00:00
2011112004,3,7,3,2011-11-20 00:00:00
2011112003,8,15,3,2011-11-20 00:00:00
2011112002,19,4,3,2011-11-20 00:00:00
2011112009,31,29,3,2011-11-20 00:00:00
2011112008,30,1,3,2011-11-20 00:00:00
2011112010,6,28,3,2011-11-20 00:00:00
2011112001,2,33,3,2011-11-20 00:00:00
2011112011,23,26,3,2011-11-20 00:00:00
2011112100,21,17,3,2011-11-21 00:00:00
2011112400,11,12,3,2011-11-24 00:00:00
2011112401,9,19,3,2011-11-24 00:00:00
2011112402,3,30,3,2011-11-24 00:00:00
2011112703,2,20,3,2011-11-27 00:00:00
2011112702,15,13,3,2011-11-27 00:00:00
2011112701,7,8,3,2011-11-27 00:00:00
2011112700,24,4,3,2011-11-27 00:00:00
2011112704,31,1,3,2011-11-27 00:00:00
2011112706,33,32,3,2011-11-27 00:00:00
2011112705,14,5,3,2011-11-27 00:00:00
2011112707,29,34,3,2011-11-27 00:00:00
2011112708,25,6,3,2011-11-27 00:00:00
2011112709,26,21,3,2011-11-27 00:00:00
2011112710,28,10,3,2011-11-27 00:00:00
2011112711,17,27,3,2011-11-27 00:00:00
2011112800,22,23,3,2011-11-28 00:00:00
2011120100,29,26,3,2011-12-01 00:00:00
2011120400,34,24,3,2011-12-04 00:00:00
2011120413,21,14,3,2011-12-04 00:00:00
2011120409,20,10,3,2011-12-04 00:00:00
2011120408,13,2,3,2011-12-04 00:00:00
2011120407,32,5,3,2011-12-04 00:00:00
2011120405,27,7,3,2011-12-04 00:00:00
2011120401,6,17,3,2011-12-04 00:00:00
2011120402,4,33,3,2011-12-04 00:00:00
2011120403,19,25,3,2011-12-04 00:00:00
2011120404,8,3,3,2011-12-04 00:00:00
2011120412,30,31,3,2011-12-04 00:00:00
2011120411,1,9,3,2011-12-04 00:00:00
2011120410,23,12,3,2011-12-04 00:00:00
2011120406,22,11,3,2011-12-04 00:00:00
2011120500,15,28,3,2011-12-05 00:00:00
2011120800,27,8,3,2011-12-08 00:00:00
2011121100,34,21,3,2011-12-11 00:00:00
2011121109,33,22,3,2011-12-11 00:00:00
2011121108,15,32,3,2011-12-11 00:00:00
2011121107,19,26,3,2011-12-11 00:00:00
2011121106,5,2,3,2011-12-11 00:00:00
2011121105,11,20,3,2011-12-11 00:00:00
2011121102,24,17,3,2011-12-11 00:00:00
2011121103,7,13,3,2011-12-11 00:00:00
2011121104,3,14,3,2011-12-11 00:00:00
2011121111,10,6,3,2011-12-11 00:00:00
2011121110,1,30,3,2011-12-11 00:00:00
2011121112,28,4,3,2011-12-11 00:00:00
2011121101,12,25,3,2011-12-11 00:00:00
2011121113,9,23,3,2011-12-11 00:00:00
2011121200,29,31,3,2011-12-12 00:00:00
2011121500,2,15,3,2011-12-15 00:00:00
2011121700,32,9,3,2011-12-17 00:00:00
2011121802,14,33,3,2011-12-18 00:00:00
2011121803,23,34,3,2011-12-18 00:00:00
2011121804,6,29,3,2011-12-18 00:00:00
2011121801,4,19,3,2011-12-18 00:00:00
2011121800,31,7,3,2011-12-18 00:00:00
2011121805,20,22,3,2011-12-18 00:00:00
2011121807,17,12,3,2011-12-18 00:00:00
2011121806,13,5,3,2011-12-18 00:00:00
2011121808,25,11,3,2011-12-18 00:00:00
2011121809,26,24,3,2011-12-18 00:00:00
2011121810,1,8,3,2011-12-18 00:00:00
2011121811,10,21,3,2011-12-18 00:00:00
2011121812,28,3,3,2011-12-18 00:00:00
2011121900,30,27,3,2011-12-19 00:00:00
2011122200,14,13,3,2011-12-22 00:00:00
2011122400,4,10,3,2011-12-24 00:00:00
2011122409,27,31,3,2011-12-24 00:00:00
2011122408,7,1,3,2011-12-24 00:00:00
2011122407,5,32,3,2011-12-24 00:00:00
2011122406,34,20,3,2011-12-24 00:00:00
2011122401,21,19,3,2011-12-24 00:00:00
2011122402,3,8,3,2011-12-24 00:00:00
2011122403,33,15,3,2011-12-24 00:00:00
2011122404,17,25,3,2011-12-24 00:00:00
2011122405,24,23,3,2011-12-24 00:00:00
2011122410,11,28,3,2011-12-24 00:00:00
2011122412,29,30,3,2011-12-24 00:00:00
2011122411,9,26,3,2011-12-24 00:00:00
2011122500,12,6,3,2011-12-25 00:00:00
2011122600,22,2,3,2011-12-26 00:00:00
2012010100,19,24,3,2012-01-01 00:00:00
2012010101,21,4,3,2012-01-01 00:00:00
2012010112,31,30,3,2012-01-01 00:00:00
2012010111,22,5,3,2012-01-01 00:00:00
2012010109,20,6,3,2012-01-01 00:00:00
2012010108,12,11,3,2012-01-01 00:00:00
2012010107,26,34,3,2012-01-01 00:00:00
2012010105,15,14,3,2012-01-01 00:00:00
2012010104,13,33,3,2012-01-01 00:00:00
2012010110,2,32,3,2012-01-01 00:00:00
2012010114,25,28,3,2012-01-01 00:00:00
2012010113,10,17,3,2012-01-01 00:00:00
2012010103,8,27,3,2012-01-01 00:00:00
2012010102,7,3,3,2012-01-01 00:00:00
2012010115,1,29,3,2012-01-01 00:00:00
2012010106,23,9,3,2012-01-01 00:00:00
2012090500,23,9,4,2012-09-05 00:00:00
2012090900,6,14,4,2012-09-09 00:00:00
2012090908,17,2,4,2012-09-09 00:00:00
2012090907,8,26,4,2012-09-09 00:00:00
2012090906,22,34,4,2012-09-09 00:00:00
2012090905,11,31,4,2012-09-09 00:00:00
2012090904,33,21,4,2012-09-09 00:00:00
2012090901,20,15,4,2012-09-09 00:00:00
2012090902,24,4,4,2012-09-09 00:00:00
2012090903,13,19,4,2012-09-09 00:00:00
2012090910,1,29,4,2012-09-09 00:00:00
2012090909,12,30,4,2012-09-09 00:00:00
2012090911,32,5,4,2012-09-09 00:00:00
2012090912,10,27,4,2012-09-09 00:00:00
2012091000,3,7,4,2012-09-10 00:00:00
2012091001,25,28,4,2012-09-10 00:00:00
2012091300,12,6,4,2012-09-13 00:00:00
2012091600,23,32,4,2012-09-16 00:00:00
2012091612,19,25,4,2012-09-16 00:00:00
2012091607,15,13,4,2012-09-16 00:00:00
2012091606,7,8,4,2012-09-16 00:00:00
2012091605,4,17,4,2012-09-16 00:00:00
2012091604,26,3,4,2012-09-16 00:00:00
2012091601,5,22,4,2012-09-16 00:00:00
2012091602,21,1,4,2012-09-16 00:00:00
2012091603,14,20,4,2012-09-16 00:00:00
2012091609,31,34,4,2012-09-16 00:00:00
2012091608,29,9,4,2012-09-16 00:00:00
2012091610,27,24,4,2012-09-16 00:00:00
2012091611,28,33,4,2012-09-16 00:00:00
2012091613,30,11,4,2012-09-16 00:00:00
2012091700,2,10,4,2012-09-17 00:00:00
2012092000,5,23,4,2012-09-20 00:00:00
2012092300,9,32,4,2012-09-23 00:00:00
2012092308,14,15,4,2012-09-23 00:00:00
2012092307,8,4,4,2012-09-23 00:00:00
2012092306,19,24,4,2012-09-23 00:00:00
2012092305,22,17,4,2012-09-23 00:00:00
2012092304,34,7,4,2012-09-23 00:00:00
2012092301,6,31,4,2012-09-23 00:00:00
2012092302,20,30,4,2012-09-23 00:00:00
2012092303,33,11,4,2012-09-23 00:00:00
2012092310,28,2,4,2012-09-23 00:00:00
2012092309,1,26,4,2012-09-23 00:00:00
2012092312,25,27,4,2012-09-23 00:00:00
2012092311,10,13,4,2012-09-23 00:00:00
2012092313,3,21,4,2012-09-23 00:00:00
2012092400,29,12,4,2012-09-24 00:00:00
2012092700,3,8,4,2012-09-27 00:00:00
2012093000,4,21,4,2012-09-30 00:00:00
2012093006,24,30,4,2012-09-30 00:00:00
2012093005,31,29,4,2012-09-30 00:00:00
2012093004,2,5,4,2012-09-30 00:00:00
2012093003,11,20,4,2012-09-30 00:00:00
2012093002,17,28,4,2012-09-30 00:00:00
2012093001,13,33,4,2012-09-30 00:00:00
2012093009,15,7,4,2012-09-30 00:00:00
2012093008,10,25,4,2012-09-30 00:00:00
2012093007,1,19,4,2012-09-30 00:00:00
2012093011,32,34,4,2012-09-30 00:00:00
2012093010,12,22,4,2012-09-30 00:00:00
2012093012,26,23,4,2012-09-30 00:00:00
2012100100,9,6,4,2012-10-01 00:00:00
2012100400,31,1,4,2012-10-04 00:00:00
2012100701,27,26,4,2012-10-07 00:00:00
2012100702,14,12,4,2012-10-07 00:00:00
2012100703,23,8,4,2012-10-07 00:00:00
2012100700,34,2,4,2012-10-07 00:00:00
2012100705,7,19,4,2012-10-07 00:00:00
2012100706,17,3,4,2012-10-07 00:00:00
2012100707,5,29,4,2012-10-07 00:00:00
2012100708,15,6,4,2012-10-07 00:00:00
2012100709,21,10,4,2012-10-07 00:00:00
2012100710,30,4,4,2012-10-07 00:00:00
2012100704,20,33,4,2012-10-07 00:00:00
2012100711,22,28,4,2012-10-07 00:00:00
2012100800,24,13,4,2012-10-08 00:00:00
2012101100,33,27,4,2012-10-11 00:00:00
2012101401,32,17,4,2012-10-14 00:00:00
2012101402,24,14,4,2012-10-14 00:00:00
2012101403,8,7,4,2012-10-14 00:00:00
2012101404,26,11,4,2012-10-14 00:00:00
2012101400,2,25,4,2012-10-14 00:00:00
2012101405,19,31,4,2012-10-14 00:00:00
2012101406,3,9,4,2012-10-14 00:00:00
2012101407,1,4,4,2012-10-14 00:00:00
2012101408,29,21,4,2012-10-14 00:00:00
2012101409,30,23,4,2012-10-14 00:00:00
2012101410,34,20,4,2012-10-14 00:00:00
2012101411,13,12,4,2012-10-14 00:00:00
2012101500,28,10,4,2012-10-15 00:00:00
2012101800,30,29,4,2012-10-18 00:00:00
2012102101,20,1,4,2012-10-21 00:00:00
2012102102,5,9,4,2012-10-21 00:00:00
2012102103,32,22,4,2012-10-21 00:00:00
2012102104,31,12,4,2012-10-21 00:00:00
2012102100,23,34,4,2012-10-21 00:00:00
2012102105,13,3,4,2012-10-21 00:00:00
2012102107,4,33,4,2012-10-21 00:00:00
2012102106,14,8,4,2012-10-21 00:00:00
2012102108,21,24,4,2012-10-21 00:00:00
2012102109,25,15,4,2012-10-21 00:00:00
2012102110,7,27,4,2012-10-21 00:00:00
2012102200,6,11,4,2012-10-22 00:00:00
2012102500,20,32,4,2012-10-25 00:00:00
2012102801,24,19,4,2012-10-28 00:00:00
2012102802,8,28,4,2012-10-28 00:00:00
2012102803,33,14,4,2012-10-28 00:00:00
2012102804,31,21,4,2012-10-28 00:00:00
2012102800,12,15,4,2012-10-28 00:00:00
2012102805,26,2,4,2012-10-28 00:00:00
2012102808,27,34,4,2012-10-28 00:00:00
2012102807,11,29,4,2012-10-28 00:00:00
2012102806,6,5,4,2012-10-28 00:00:00
2012102809,17,25,4,2012-10-28 00:00:00
2012102810,9,23,4,2012-10-28 00:00:00
2012102811,10,22,4,2012-10-28 00:00:00
2012102900,1,30,4,2012-10-29 00:00:00
2012110100,28,17,4,2012-11-01 00:00:00
2012110401,12,1,4,2012-11-04 00:00:00
2012110402,15,11,4,2012-11-04 00:00:00
2012110403,33,6,4,2012-11-04 00:00:00
2012110404,7,10,4,2012-11-04 00:00:00
2012110400,34,5,4,2012-11-04 00:00:00
2012110405,8,3,4,2012-11-04 00:00:00
2012110407,14,19,4,2012-11-04 00:00:00
2012110406,13,4,4,2012-11-04 00:00:00
2012110408,29,20,4,2012-11-04 00:00:00
2012110409,25,32,4,2012-11-04 00:00:00
2012110410,23,27,4,2012-11-04 00:00:00
2012110411,2,9,4,2012-11-04 00:00:00
2012110500,22,26,4,2012-11-05 00:00:00
2012110800,15,14,4,2012-11-08 00:00:00
2012111101,32,28,4,2012-11-11 00:00:00
2012111102,19,33,4,2012-11-11 00:00:00
2012111103,21,4,4,2012-11-11 00:00:00
2012111104,3,25,4,2012-11-11 00:00:00
2012111100,5,10,4,2012-11-11 00:00:00
2012111105,7,23,4,2012-11-11 00:00:00
2012111107,20,11,4,2012-11-11 00:00:00
2012111106,22,2,4,2012-11-11 00:00:00
2012111108,29,24,4,2012-11-11 00:00:00
2012111109,26,9,4,2012-11-11 00:00:00
2012111110,30,31,4,2012-11-11 00:00:00
2012111111,6,13,4,2012-11-11 00:00:00
2012111200,27,17,4,2012-11-12 00:00:00
2012111500,4,19,4,2012-11-15 00:00:00
2012111801,11,12,4,2012-11-18 00:00:00
2012111802,2,1,4,2012-11-18 00:00:00
2012111803,5,32,4,2012-11-18 00:00:00
2012111804,9,8,4,2012-11-18 00:00:00
2012111800,34,26,4,2012-11-18 00:00:00
2012111805,31,24,4,2012-11-18 00:00:00
2012111808,17,7,4,2012-11-18 00:00:00
2012111807,13,15,4,2012-11-18 00:00:00
2012111809,25,22,4,2012-11-18 00:00:00
2012111810,10,28,4,2012-11-18 00:00:00
2012111806,21,14,4,2012-11-18 00:00:00
2012111811,27,3,4,2012-11-18 00:00:00
2012111900,30,6,4,2012-11-19 00:00:00
2012112200,11,13,4,2012-11-22 00:00:00
2012112201,9,34,4,2012-11-22 00:00:00
2012112202,24,21,4,2012-11-22 00:00:00
2012112503,15,33,4,2012-11-25 00:00:00
2012112502,14,4,4,2012-11-25 00:00:00
2012112501,8,27,4,2012-11-25 00:00:00
2012112500,7,25,4,2012-11-25 00:00:00
2012112504,17,10,4,2012-11-25 00:00:00
2012112507,19,29,4,2012-11-25 00:00:00
2012112506,32,2,4,2012-11-25 00:00:00
2012112505,6,20,4,2012-11-25 00:00:00
2012112508,28,3,4,2012-11-25 00:00:00
2012112510,1,31,4,2012-11-25 00:00:00
2012112509,22,30,4,2012-11-25 00:00:00
2012112511,23,12,4,2012-11-25 00:00:00
2012112600,26,5,4,2012-11-26 00:00:00
2012112900,2,22,4,2012-11-29 00:00:00
2012120200,6,29,4,2012-12-02 00:00:00
2012120208,33,13,4,2012-12-02 00:00:00
2012120207,19,21,4,2012-12-02 00:00:00
2012120206,4,15,4,2012-12-02 00:00:00
2012120205,11,14,4,2012-12-02 00:00:00
2012120204,17,5,4,2012-12-02 00:00:00
2012120201,12,20,4,2012-12-02 00:00:00
2012120202,31,30,4,2012-12-02 00:00:00
2012120203,24,1,4,2012-12-02 00:00:00
2012120209,10,32,4,2012-12-02 00:00:00
2012120210,3,27,4,2012-12-02 00:00:00
2012120212,28,7,4,2012-12-02 00:00:00
2012120211,25,8,4,2012-12-02 00:00:00
2012120213,9,26,4,2012-12-02 00:00:00
2012120300,34,23,4,2012-12-03 00:00:00
2012120600,25,10,4,2012-12-06 00:00:00
2012120900,34,3,4,2012-12-09 00:00:00
2012120909,7,9,4,2012-12-09 00:00:00
2012120908,4,31,4,2012-12-09 00:00:00
2012120907,32,26,4,2012-12-09 00:00:00
2012120906,5,2,4,2012-12-09 00:00:00
2012120901,8,17,4,2012-12-09 00:00:00
2012120902,27,28,4,2012-12-09 00:00:00
2012120903,14,33,4,2012-12-09 00:00:00
2012120904,15,24,4,2012-12-09 00:00:00
2012120905,20,6,4,2012-12-09 00:00:00
2012120910,30,19,4,2012-12-09 00:00:00
2012120912,29,1,4,2012-12-09 00:00:00
2012120911,23,22,4,2012-12-09 00:00:00
2012120913,12,11,4,2012-12-09 00:00:00
2012121000,21,13,4,2012-12-10 00:00:00
2012121300,26,7,4,2012-12-13 00:00:00
2012121600,6,12,4,2012-12-16 00:00:00
2012121607,13,14,4,2012-12-16 00:00:00
2012121606,3,10,4,2012-12-16 00:00:00
2012121605,19,15,4,2012-12-16 00:00:00
2012121604,8,34,4,2012-12-16 00:00:00
2012121603,31,20,4,2012-12-16 00:00:00
2012121602,22,32,4,2012-12-16 00:00:00
2012121601,2,23,4,2012-12-16 00:00:00
2012121610,4,29,4,2012-12-16 00:00:00
2012121609,28,5,4,2012-12-16 00:00:00
2012121608,1,11,4,2012-12-16 00:00:00
2012121612,25,17,4,2012-12-16 00:00:00
2012121611,9,27,4,2012-12-16 00:00:00
2012121613,21,30,4,2012-12-16 00:00:00
2012121700,33,24,4,2012-12-17 00:00:00
2012122200,11,2,4,2012-12-22 00:00:00
2012122301,5,25,4,2012-12-23 00:00:00
2012122302,19,4,4,2012-12-23 00:00:00
2012122303,27,7,4,2012-12-23 00:00:00
2012122304,15,21,4,2012-12-23 00:00:00
2012122305,17,14,4,2012-12-23 00:00:00
2012122306,9,22,4,2012-12-23 00:00:00
2012122307,26,34,4,2012-12-23 00:00:00
2012122308,32,31,4,2012-12-23 00:00:00
2012122314,24,28,4,2012-12-23 00:00:00
2012122300,12,33,4,2012-12-23 00:00:00
2012122310,13,20,4,2012-12-23 00:00:00
2012122311,10,8,4,2012-12-23 00:00:00
2012122312,1,6,4,2012-12-23 00:00:00
2012122309,3,23,4,2012-12-23 00:00:00
2012122313,29,30,4,2012-12-23 00:00:00
2012123010,2,32,4,2012-12-30 00:00:00
2012123000,4,24,4,2012-12-30 00:00:00
2012123002,7,3,4,2012-12-30 00:00:00
2012123003,27,8,4,2012-12-30 00:00:00
2012123008,11,6,4,2012-12-30 00:00:00
2012123005,33,15,4,2012-12-30 00:00:00
2012123006,23,26,4,2012-12-30 00:00:00
2012123011,22,5,4,2012-12-30 00:00:00
2012123004,14,13,4,2012-12-30 00:00:00
2012123009,20,12,4,2012-12-30 00:00:00
2012123015,29,31,4,2012-12-30 00:00:00
2012123001,21,19,4,2012-12-30 00:00:00
2012123012,10,17,4,2012-12-30 00:00:00
2012123013,28,25,4,2012-12-30 00:00:00
2012123014,30,1,4,2012-12-30 00:00:00
2012123007,34,9,4,2012-12-30 00:00:00
2013090500,10,3,5,2013-09-05 00:00:00
2013090800,4,21,5,2013-09-08 00:00:00
2013090809,27,33,5,2013-09-08 00:00:00
2013090808,22,2,5,2013-09-08 00:00:00
2013090807,24,32,5,2013-09-08 00:00:00
2013090806,15,17,5,2013-09-08 00:00:00
2013090801,5,29,5,2013-09-08 00:00:00
2013090802,6,7,5,2013-09-08 00:00:00
2013090803,8,19,5,2013-09-08 00:00:00
2013090804,11,20,5,2013-09-08 00:00:00
2013090805,14,25,5,2013-09-08 00:00:00
2013090811,30,12,5,2013-09-08 00:00:00
2013090810,31,1,5,2013-09-08 00:00:00
2013090812,9,23,5,2013-09-08 00:00:00
2013090900,34,26,5,2013-09-09 00:00:00
2013090901,28,13,5,2013-09-09 00:00:00
2013091200,21,24,5,2013-09-12 00:00:00
2013091500,2,31,5,2013-09-15 00:00:00
2013091508,26,28,5,2013-09-15 00:00:00
2013091507,17,9,5,2013-09-15 00:00:00
2013091506,14,19,5,2013-09-15 00:00:00
2013091505,13,33,5,2013-09-15 00:00:00
2013091504,12,34,5,2013-09-15 00:00:00
2013091501,3,8,5,2013-09-15 00:00:00
2013091502,4,5,5,2013-09-15 00:00:00
2013091503,6,20,5,2013-09-15 00:00:00
2013091510,32,22,5,2013-09-15 00:00:00
2013091509,1,11,5,2013-09-15 00:00:00
2013091512,25,15,5,2013-09-15 00:00:00
2013091511,23,10,5,2013-09-15 00:00:00
2013091513,29,30,5,2013-09-15 00:00:00
2013091600,7,27,5,2013-09-16 00:00:00
2013091900,26,17,5,2013-09-19 00:00:00
2013092200,3,13,5,2013-09-22 00:00:00
2013092210,5,23,5,2013-09-22 00:00:00
2013092209,34,11,5,2013-09-22 00:00:00
2013092208,33,28,5,2013-09-22 00:00:00
2013092207,22,1,5,2013-09-22 00:00:00
2013092206,21,32,5,2013-09-22 00:00:00
2013092201,7,12,5,2013-09-22 00:00:00
2013092202,9,31,5,2013-09-22 00:00:00
2013092204,20,8,5,2013-09-22 00:00:00
2013092203,19,2,5,2013-09-22 00:00:00
2013092205,24,4,5,2013-09-22 00:00:00
2013092211,30,14,5,2013-09-22 00:00:00
2013092212,29,15,5,2013-09-22 00:00:00
2013092213,27,6,5,2013-09-22 00:00:00
2013092300,10,25,5,2013-09-23 00:00:00
2013092600,31,30,5,2013-09-26 00:00:00
2013092900,4,3,5,2013-09-29 00:00:00
2013092907,32,1,5,2013-09-29 00:00:00
2013092906,20,27,5,2013-09-29 00:00:00
2013092905,17,23,5,2013-09-29 00:00:00
2013092904,15,14,5,2013-09-29 00:00:00
2013092903,13,29,5,2013-09-29 00:00:00
2013092901,8,7,5,2013-09-29 00:00:00
2013092902,11,6,5,2013-09-29 00:00:00
2013092908,33,24,5,2013-09-29 00:00:00
2013092910,25,34,5,2013-09-29 00:00:00
2013092909,10,26,5,2013-09-29 00:00:00
2013092911,28,9,5,2013-09-29 00:00:00
2013092912,2,21,5,2013-09-29 00:00:00
2013093000,22,19,5,2013-09-30 00:00:00
2013100300,8,4,5,2013-10-03 00:00:00
2013100601,7,21,5,2013-10-06 00:00:00
2013100602,12,11,5,2013-10-06 00:00:00
2013100603,14,29,5,2013-10-06 00:00:00
2013100604,19,3,5,2013-10-06 00:00:00
2013100600,6,22,5,2013-10-06 00:00:00
2013100605,23,26,5,2013-10-06 00:00:00
2013100607,33,17,5,2013-10-06 00:00:00
2013100606,31,15,5,2013-10-06 00:00:00
2013100608,1,5,5,2013-10-06 00:00:00
2013100609,9,10,5,2013-10-06 00:00:00
2013100611,30,13,5,2013-10-06 00:00:00
2013100610,25,28,5,2013-10-06 00:00:00
2013100700,2,24,5,2013-10-07 00:00:00
2013101000,6,23,5,2013-10-10 00:00:00
2013101300,3,12,5,2013-10-13 00:00:00
2013101301,4,7,5,2013-10-13 00:00:00
2013101302,8,11,5,2013-10-13 00:00:00
2013101303,13,31,5,2013-10-13 00:00:00
2013101305,20,5,5,2013-10-13 00:00:00
2013101304,17,25,5,2013-10-13 00:00:00
2013101306,24,27,5,2013-10-13 00:00:00
2013101307,32,26,5,2013-10-13 00:00:00
2013101308,10,15,5,2013-10-13 00:00:00
2013101309,29,33,5,2013-10-13 00:00:00
2013101310,21,22,5,2013-10-13 00:00:00
2013101311,30,1,5,2013-10-13 00:00:00
2013101312,9,34,5,2013-10-13 00:00:00
2013101400,28,14,5,2013-10-14 00:00:00
2013101700,1,29,5,2013-10-17 00:00:00
2013102000,2,32,5,2013-10-20 00:00:00
2013102009,34,6,5,2013-10-20 00:00:00
2013102008,26,9,5,2013-10-20 00:00:00
2013102007,24,21,5,2013-10-20 00:00:00
2013102006,19,4,5,2013-10-20 00:00:00
2013102004,15,28,5,2013-10-20 00:00:00
2013102001,5,31,5,2013-10-20 00:00:00
2013102002,11,7,5,2013-10-20 00:00:00
2013102010,33,30,5,2013-10-20 00:00:00
2013102005,17,13,5,2013-10-20 00:00:00
2013102011,27,3,5,2013-10-20 00:00:00
2013102003,12,8,5,2013-10-20 00:00:00
2013102012,14,10,5,2013-10-20 00:00:00
2013102100,23,20,5,2013-10-21 00:00:00
2013102400,32,5,5,2013-10-24 00:00:00
2013102701,15,30,5,2013-10-27 00:00:00
2013102702,17,8,5,2013-10-27 00:00:00
2013102703,21,19,5,2013-10-27 00:00:00
2013102704,22,4,5,2013-10-27 00:00:00
2013102700,11,9,5,2013-10-27 00:00:00
2013102705,26,23,5,2013-10-27 00:00:00
2013102706,25,27,5,2013-10-27 00:00:00
2013102707,7,24,5,2013-10-27 00:00:00
2013102708,1,2,5,2013-10-27 00:00:00
2013102709,10,34,5,2013-10-27 00:00:00
2013102710,20,12,5,2013-10-27 00:00:00
2013102800,31,29,5,2013-10-28 00:00:00
2013103100,19,7,5,2013-10-31 00:00:00
2013110301,5,2,5,2013-11-03 00:00:00
2013110302,9,20,5,2013-11-03 00:00:00
2013110303,24,22,5,2013-11-03 00:00:00
2013110304,31,33,5,2013-11-03 00:00:00
2013110300,4,17,5,2013-11-03 00:00:00
2013110305,34,28,5,2013-11-03 00:00:00
2013110306,25,26,5,2013-11-03 00:00:00
2013110307,29,32,5,2013-11-03 00:00:00
2013110308,8,3,5,2013-11-03 00:00:00
2013110309,21,27,5,2013-11-03 00:00:00
2013110310,13,14,5,2013-11-03 00:00:00
2013110400,12,6,5,2013-11-04 00:00:00
2013110700,20,34,5,2013-11-07 00:00:00
2013111003,12,26,5,2013-11-10 00:00:00
2013111007,33,15,5,2013-11-10 00:00:00
2013111006,27,4,5,2013-11-10 00:00:00
2013111005,23,25,5,2013-11-10 00:00:00
2013111004,14,31,5,2013-11-10 00:00:00
2013111000,2,29,5,2013-11-10 00:00:00
2013111001,3,7,5,2013-11-10 00:00:00
2013111002,6,11,5,2013-11-10 00:00:00
2013111008,30,5,5,2013-11-10 00:00:00
2013111009,1,13,5,2013-11-10 00:00:00
2013111010,28,10,5,2013-11-10 00:00:00
2013111011,22,9,5,2013-11-10 00:00:00
2013111100,32,19,5,2013-11-11 00:00:00
2013111400,33,14,5,2013-11-14 00:00:00
2013111700,4,24,5,2013-11-17 00:00:00
2013111708,32,2,5,2013-11-17 00:00:00
2013111707,27,11,5,2013-11-17 00:00:00
2013111706,26,34,5,2013-11-17 00:00:00
2013111704,15,1,5,2013-11-17 00:00:00
2013111703,13,25,5,2013-11-17 00:00:00
2013111701,6,3,5,2013-11-17 00:00:00
2013111702,7,8,5,2013-11-17 00:00:00
2013111705,19,28,5,2013-11-17 00:00:00
2013111712,23,12,5,2013-11-17 00:00:00
2013111711,29,20,5,2013-11-17 00:00:00
2013111710,22,30,5,2013-11-17 00:00:00
2013111709,10,17,5,2013-11-17 00:00:00
2013111800,5,21,5,2013-11-18 00:00:00
2013112100,2,22,5,2013-11-21 00:00:00
2013112402,11,32,5,2013-11-24 00:00:00
2013112403,12,20,5,2013-11-24 00:00:00
2013112404,13,15,5,2013-11-24 00:00:00
2013112405,17,28,5,2013-11-24 00:00:00
2013112406,19,5,5,2013-11-24 00:00:00
2013112401,8,27,5,2013-11-24 00:00:00
2013112407,31,6,5,2013-11-24 00:00:00
2013112400,3,24,5,2013-11-24 00:00:00
2013112409,25,33,5,2013-11-24 00:00:00
2013112408,1,14,5,2013-11-24 00:00:00
2013112410,23,9,5,2013-11-24 00:00:00
2013112411,21,10,5,2013-11-24 00:00:00
2013112500,34,30,5,2013-11-25 00:00:00
2013112800,11,12,5,2013-11-28 00:00:00
2013112801,9,25,5,2013-11-28 00:00:00
2013112802,3,27,5,2013-11-28 00:00:00
2013120102,14,33,5,2013-12-01 00:00:00
2013120101,8,15,5,2013-12-01 00:00:00
2013120100,5,32,5,2013-12-01 00:00:00
2013120104,20,6,5,2013-12-01 00:00:00
2013120109,13,21,5,2013-12-01 00:00:00
2013120106,26,1,5,2013-12-01 00:00:00
2013120105,24,19,5,2013-12-01 00:00:00
2013120107,4,2,5,2013-12-01 00:00:00
2013120108,30,31,5,2013-12-01 00:00:00
2013120110,28,7,5,2013-12-01 00:00:00
2013120103,17,10,5,2013-12-01 00:00:00
2013120111,34,23,5,2013-12-01 00:00:00
2013120200,29,22,5,2013-12-02 00:00:00
2013120500,15,13,5,2013-12-05 00:00:00
2013120801,7,14,5,2013-12-08 00:00:00
2013120802,21,8,5,2013-12-08 00:00:00
2013120803,24,25,5,2013-12-08 00:00:00
2013120808,34,17,5,2013-12-08 00:00:00
2013120800,3,20,5,2013-12-08 00:00:00
2013120813,12,2,5,2013-12-08 00:00:00
2013120807,32,4,5,2013-12-08 00:00:00
2013120806,27,19,5,2013-12-08 00:00:00
2013120805,26,11,5,2013-12-08 00:00:00
2013120809,10,33,5,2013-12-08 00:00:00
2013120810,1,31,5,2013-12-08 00:00:00
2013120812,30,29,5,2013-12-08 00:00:00
2013120811,28,23,5,2013-12-08 00:00:00
2013120804,22,5,5,2013-12-08 00:00:00
2013120900,6,9,5,2013-12-09 00:00:00
2013121200,10,28,5,2013-12-12 00:00:00
2013121500,2,34,5,2013-12-15 00:00:00
2013121508,32,30,5,2013-12-15 00:00:00
2013121506,23,29,5,2013-12-15 00:00:00
2013121505,20,26,5,2013-12-15 00:00:00
2013121504,19,21,5,2013-12-15 00:00:00
2013121503,15,4,5,2013-12-15 00:00:00
2013121502,14,13,5,2013-12-15 00:00:00
2013121501,8,6,5,2013-12-15 00:00:00
2013121511,25,17,5,2013-12-15 00:00:00
2013121510,5,24,5,2013-12-15 00:00:00
2013121512,9,12,5,2013-12-15 00:00:00
2013121509,33,1,5,2013-12-15 00:00:00
2013121507,31,22,5,2013-12-15 00:00:00
2013121513,27,7,5,2013-12-15 00:00:00
2013121600,11,3,5,2013-12-16 00:00:00
2013122200,4,19,5,2013-12-22 00:00:00
2013122201,5,22,5,2013-12-22 00:00:00
2013122202,7,20,5,2013-12-22 00:00:00
2013122203,13,10,5,2013-12-22 00:00:00
2013122204,15,33,5,2013-12-22 00:00:00
2013122205,17,14,5,2013-12-22 00:00:00
2013122209,34,9,5,2013-12-22 00:00:00
2013122206,24,8,5,2013-12-22 00:00:00
2013122208,31,32,5,2013-12-22 00:00:00
2013122211,29,1,5,2013-12-22 00:00:00
2013122210,11,23,5,2013-12-22 00:00:00
2013122214,3,21,5,2013-12-22 00:00:00
2013122213,28,25,5,2013-12-22 00:00:00
2013122212,12,27,5,2013-12-22 00:00:00
2013122207,26,6,5,2013-12-22 00:00:00
2013122300,30,2,5,2013-12-23 00:00:00
2013122910,27,8,5,2013-12-29 00:00:00
2013122909,23,34,5,2013-12-29 00:00:00
2013122902,7,3,5,2013-12-29 00:00:00
2013122911,33,13,5,2013-12-29 00:00:00
2013122904,14,15,5,2013-12-29 00:00:00
2013122905,19,24,5,2013-12-29 00:00:00
2013122906,20,11,5,2013-12-29 00:00:00
2013122900,2,5,5,2013-12-29 00:00:00
2013122908,22,32,5,2013-12-29 00:00:00
2013122907,21,4,5,2013-12-29 00:00:00
2013122915,29,31,5,2013-12-29 00:00:00
2013122901,6,12,5,2013-12-29 00:00:00
2013122912,1,30,5,2013-12-29 00:00:00
2013122913,25,10,5,2013-12-29 00:00:00
2013122914,28,17,5,2013-12-29 00:00:00
2013122903,9,26,5,2013-12-29 00:00:00
2014090400,29,12,6,2014-09-04 00:00:00
2014090700,2,22,6,2014-09-07 00:00:00
2014090709,31,20,6,2014-09-07 00:00:00
2014090708,27,8,6,2014-09-07 00:00:00
2014090707,26,15,6,2014-09-07 00:00:00
2014090706,24,25,6,2014-09-07 00:00:00
2014090701,3,7,6,2014-09-07 00:00:00
2014090702,6,4,6,2014-09-07 00:00:00
2014090703,13,34,6,2014-09-07 00:00:00
2014090704,17,33,6,2014-09-07 00:00:00
2014090705,19,21,6,2014-09-07 00:00:00
2014090711,32,5,6,2014-09-07 00:00:00
2014090710,9,30,6,2014-09-07 00:00:00
2014090712,10,14,6,2014-09-07 00:00:00
2014090800,11,23,6,2014-09-08 00:00:00
2014090801,1,28,6,2014-09-08 00:00:00
2014091100,3,27,6,2014-09-11 00:00:00
2014091400,4,19,6,2014-09-14 00:00:00
2014091407,34,15,6,2014-09-14 00:00:00
2014091406,33,9,6,2014-09-14 00:00:00
2014091405,23,1,6,2014-09-14 00:00:00
2014091404,20,21,6,2014-09-14 00:00:00
2014091403,8,22,6,2014-09-14 00:00:00
2014091402,7,2,6,2014-09-14 00:00:00
2014091401,5,11,6,2014-09-14 00:00:00
2014091409,32,31,6,2014-09-14 00:00:00
2014091408,28,29,6,2014-09-14 00:00:00
2014091412,25,13,6,2014-09-14 00:00:00
2014091411,12,24,6,2014-09-14 00:00:00
2014091410,10,17,6,2014-09-14 00:00:00
2014091413,30,6,6,2014-09-14 00:00:00
2014091500,14,26,6,2014-09-15 00:00:00
2014091800,2,32,6,2014-09-18 00:00:00
2014092100,4,28,6,2014-09-21 00:00:00
2014092109,31,9,6,2014-09-21 00:00:00
2014092108,26,34,6,2014-09-21 00:00:00
2014092107,23,13,6,2014-09-21 00:00:00
2014092106,22,20,6,2014-09-21 00:00:00
2014092101,7,33,6,2014-09-21 00:00:00
2014092102,8,3,6,2014-09-21 00:00:00
2014092103,11,12,6,2014-09-21 00:00:00
2014092104,15,14,6,2014-09-21 00:00:00
2014092105,21,25,6,2014-09-21 00:00:00
2014092110,1,30,6,2014-09-21 00:00:00
2014092112,29,10,6,2014-09-21 00:00:00
2014092111,19,17,6,2014-09-21 00:00:00
2014092113,5,27,6,2014-09-21 00:00:00
2014092200,24,6,6,2014-09-22 00:00:00
2014092500,34,23,6,2014-09-25 00:00:00
2014092801,6,12,6,2014-09-28 00:00:00
2014092802,13,4,6,2014-09-28 00:00:00
2014092803,14,33,6,2014-09-28 00:00:00
2014092800,3,5,6,2014-09-28 00:00:00
2014092805,24,11,6,2014-09-28 00:00:00
2014092807,27,32,6,2014-09-28 00:00:00
2014092806,25,19,6,2014-09-28 00:00:00
2014092808,28,15,6,2014-09-28 00:00:00
2014092809,30,26,6,2014-09-28 00:00:00
2014092804,20,2,6,2014-09-28 00:00:00
2014092810,9,22,6,2014-09-28 00:00:00
2014092900,17,21,6,2014-09-29 00:00:00
2014100200,12,20,6,2014-10-02 00:00:00
2014100500,5,6,6,2014-10-05 00:00:00
2014100508,33,8,6,2014-10-05 00:00:00
2014100507,26,31,6,2014-10-05 00:00:00
2014100506,23,2,6,2014-10-05 00:00:00
2014100505,22,32,6,2014-10-05 00:00:00
2014100501,9,13,6,2014-10-05 00:00:00
2014100502,11,4,6,2014-10-05 00:00:00
2014100503,14,3,6,2014-10-05 00:00:00
2014100504,15,27,6,2014-10-05 00:00:00
2014100509,10,1,6,2014-10-05 00:00:00
2014100511,30,17,6,2014-10-05 00:00:00
2014100510,28,24,6,2014-10-05 00:00:00
2014100512,21,7,6,2014-10-05 00:00:00
2014100600,34,29,6,2014-10-06 00:00:00
2014100900,13,14,6,2014-10-09 00:00:00
2014101203,8,27,6,2014-10-12 00:00:00
2014101201,4,21,6,2014-10-12 00:00:00
2014101202,7,5,6,2014-10-12 00:00:00
2014101208,33,15,6,2014-10-12 00:00:00
2014101204,19,12,6,2014-10-12 00:00:00
2014101205,20,11,6,2014-10-12 00:00:00
2014101206,24,10,6,2014-10-12 00:00:00
2014101207,32,3,6,2014-10-12 00:00:00
2014101209,25,28,6,2014-10-12 00:00:00
2014101200,2,6,6,2014-10-12 00:00:00
2014101211,29,9,6,2014-10-12 00:00:00
2014101210,1,34,6,2014-10-12 00:00:00
2014101212,26,23,6,2014-10-12 00:00:00
2014101300,31,30,6,2014-10-13 00:00:00
2014101600,21,24,6,2014-10-16 00:00:00
2014101900,3,2,6,2014-10-19 00:00:00
2014101908,34,33,6,2014-10-19 00:00:00
2014101907,31,29,6,2014-10-19 00:00:00
2014101906,15,8,6,2014-10-19 00:00:00
2014101905,14,7,6,2014-10-19 00:00:00
2014101901,4,20,6,2014-10-19 00:00:00
2014101902,6,19,6,2014-10-19 00:00:00
2014101903,11,22,6,2014-10-19 00:00:00
2014101904,12,5,6,2014-10-19 00:00:00
2014101909,28,17,6,2014-10-19 00:00:00
2014101911,25,1,6,2014-10-19 00:00:00
2014101910,9,23,6,2014-10-19 00:00:00
2014101912,10,30,6,2014-10-19 00:00:00
2014102000,27,13,6,2014-10-20 00:00:00
2014102300,10,28,6,2014-10-23 00:00:00
2014102600,2,11,6,2014-10-26 00:00:00
2014102607,32,20,6,2014-10-26 00:00:00
2014102606,24,4,6,2014-10-26 00:00:00
2014102605,21,6,6,2014-10-26 00:00:00
2014102601,5,29,6,2014-10-26 00:00:00
2014102603,15,19,6,2014-10-26 00:00:00
2014102602,7,3,6,2014-10-26 00:00:00
2014102608,33,13,6,2014-10-26 00:00:00
2014102604,17,31,6,2014-10-26 00:00:00
2014102609,1,26,6,2014-10-26 00:00:00
2014102611,27,14,6,2014-10-26 00:00:00
2014102610,8,25,6,2014-10-26 00:00:00
2014102612,22,12,6,2014-10-26 00:00:00
2014102700,9,34,6,2014-10-27 00:00:00
2014103000,5,22,6,2014-10-30 00:00:00
2014110201,8,32,6,2014-11-02 00:00:00
2014110202,9,1,6,2014-11-02 00:00:00
2014110203,13,26,6,2014-11-02 00:00:00
2014110204,17,24,6,2014-11-02 00:00:00
2014110200,7,15,6,2014-11-02 00:00:00
2014110205,19,28,6,2014-11-02 00:00:00
2014110206,20,34,6,2014-11-02 00:00:00
2014110207,30,31,6,2014-11-02 00:00:00
2014110208,21,10,6,2014-11-02 00:00:00
2014110209,29,25,6,2014-11-02 00:00:00
2014110210,27,3,6,2014-11-02 00:00:00
2014110300,23,14,6,2014-11-03 00:00:00
2014110600,7,8,6,2014-11-06 00:00:00
2014110901,4,17,6,2014-11-09 00:00:00
2014110902,11,19,6,2014-11-09 00:00:00
2014110903,15,9,6,2014-11-09 00:00:00
2014110904,22,30,6,2014-11-09 00:00:00
2014110900,3,33,6,2014-11-09 00:00:00
2014110905,24,27,6,2014-11-09 00:00:00
2014110906,32,2,6,2014-11-09 00:00:00
2014110907,25,10,6,2014-11-09 00:00:00
2014110908,1,31,6,2014-11-09 00:00:00
2014110909,29,23,6,2014-11-09 00:00:00
2014110910,12,6,6,2014-11-09 00:00:00
2014111000,26,5,6,2014-11-10 00:00:00
2014111300,19,4,6,2014-11-13 00:00:00
2014111601,6,20,6,2014-11-16 00:00:00
2014111602,8,13,6,2014-11-16 00:00:00
2014111600,5,2,6,2014-11-16 00:00:00
2014111605,22,7,6,2014-11-16 00:00:00
2014111608,34,32,6,2014-11-16 00:00:00
2014111607,31,10,6,2014-11-16 00:00:00
2014111606,23,30,6,2014-11-16 00:00:00
2014111604,17,29,6,2014-11-16 00:00:00
2014111609,28,25,6,2014-11-16 00:00:00
2014111610,1,11,6,2014-11-16 00:00:00
2014111603,12,26,6,2014-11-16 00:00:00
2014111611,14,21,6,2014-11-16 00:00:00
2014111700,33,27,6,2014-11-17 00:00:00
2014112000,25,17,6,2014-11-20 00:00:00
2014112300,2,8,6,2014-11-23 00:00:00
2014112307,26,33,6,2014-11-23 00:00:00
2014112306,21,11,6,2014-11-23 00:00:00
2014112305,20,12,6,2014-11-23 00:00:00
2014112304,14,15,6,2014-11-23 00:00:00
2014112303,13,7,6,2014-11-23 00:00:00
2014112302,6,32,6,2014-11-23 00:00:00
2014112309,29,1,6,2014-11-23 00:00:00
2014112308,28,31,6,2014-11-23 00:00:00
2014112311,30,34,6,2014-11-23 00:00:00
2014112310,10,19,6,2014-11-23 00:00:00
2014112312,23,9,6,2014-11-23 00:00:00
2014112301,4,24,6,2014-11-23 00:00:00
2014112400,22,3,6,2014-11-24 00:00:00
2014112700,11,6,6,2014-11-27 00:00:00
2014112701,9,26,6,2014-11-27 00:00:00
2014112702,30,29,6,2014-11-27 00:00:00
2014113003,14,34,6,2014-11-30 00:00:00
2014113002,13,33,6,2014-11-30 00:00:00
2014113001,4,8,6,2014-11-30 00:00:00
2014113000,3,28,6,2014-11-30 00:00:00
2014113004,15,23,6,2014-11-30 00:00:00
2014113008,32,7,6,2014-11-30 00:00:00
2014113007,31,25,6,2014-11-30 00:00:00
2014113006,27,22,6,2014-11-30 00:00:00
2014113005,20,5,6,2014-11-30 00:00:00
2014113009,2,1,6,2014-11-30 00:00:00
2014113010,12,21,6,2014-11-30 00:00:00
2014113011,17,10,6,2014-11-30 00:00:00
2014120100,24,19,6,2014-12-01 00:00:00
2014120400,6,9,6,2014-12-04 00:00:00
2014120700,7,27,6,2014-12-07 00:00:00
2014120708,34,31,6,2014-12-07 00:00:00
2014120707,33,23,6,2014-12-07 00:00:00
2014120706,22,5,6,2014-12-07 00:00:00
2014120705,20,24,6,2014-12-07 00:00:00
2014120704,19,3,6,2014-12-07 00:00:00
2014120701,8,14,6,2014-12-07 00:00:00
2014120702,11,32,6,2014-12-07 00:00:00
2014120703,15,13,6,2014-12-07 00:00:00
2014120710,10,4,6,2014-12-07 00:00:00
2014120709,1,17,6,2014-12-07 00:00:00
2014120712,26,29,6,2014-12-07 00:00:00
2014120711,25,30,6,2014-12-07 00:00:00
2014120713,28,21,6,2014-12-07 00:00:00
2014120800,12,2,6,2014-12-08 00:00:00
2014121100,31,1,6,2014-12-11 00:00:00
2014121400,2,27,6,2014-12-14 00:00:00
2014121409,23,34,6,2014-12-14 00:00:00
2014121408,21,19,6,2014-12-14 00:00:00
2014121407,17,25,6,2014-12-14 00:00:00
2014121406,14,13,6,2014-12-14 00:00:00
2014121404,8,7,6,2014-12-14 00:00:00
2014121401,3,15,6,2014-12-14 00:00:00
2014121402,4,12,6,2014-12-14 00:00:00
2014121403,5,32,6,2014-12-14 00:00:00
2014121411,33,24,6,2014-12-14 00:00:00
2014121410,28,10,6,2014-12-14 00:00:00
2014121405,11,20,6,2014-12-14 00:00:00
2014121412,29,30,6,2014-12-14 00:00:00
2014121413,26,9,6,2014-12-14 00:00:00
2014121500,6,22,6,2014-12-15 00:00:00
2014121800,15,33,6,2014-12-18 00:00:00
2014122000,34,26,6,2014-12-20 00:00:00
2014122001,30,28,6,2014-12-20 00:00:00
2014122103,19,20,6,2014-12-21 00:00:00
2014122102,13,3,6,2014-12-21 00:00:00
2014122101,6,11,6,2014-12-21 00:00:00
2014122100,5,8,6,2014-12-21 00:00:00
2014122104,22,2,6,2014-12-21 00:00:00
2014122107,32,12,6,2014-12-21 00:00:00
2014122106,27,17,6,2014-12-21 00:00:00
2014122105,24,21,6,2014-12-21 00:00:00
2014122108,31,23,6,2014-12-21 00:00:00
2014122110,25,4,6,2014-12-21 00:00:00
2014122109,9,14,6,2014-12-21 00:00:00
2014122111,1,29,6,2014-12-21 00:00:00
2014122200,7,10,6,2014-12-22 00:00:00
2014122801,3,8,6,2014-12-28 00:00:00
2014122812,34,9,6,2014-12-28 00:00:00
2014122811,33,14,6,2014-12-28 00:00:00
2014122810,32,22,6,2014-12-28 00:00:00
2014122808,23,26,6,2014-12-28 00:00:00
2014122807,21,4,6,2014-12-28 00:00:00
2014122803,13,15,6,2014-12-28 00:00:00
2014122804,17,28,6,2014-12-28 00:00:00
2014122805,19,24,6,2014-12-28 00:00:00
2014122806,20,6,6,2014-12-28 00:00:00
2014122813,10,25,6,2014-12-28 00:00:00
2014122814,30,1,6,2014-12-28 00:00:00
2014122802,12,11,6,2014-12-28 00:00:00
2014122815,29,31,6,2014-12-28 00:00:00
2014122800,2,5,6,2014-12-28 00:00:00
2014122809,27,7,6,2014-12-28 00:00:00
2015091000,21,27,7,2015-09-10 00:00:00
2015091300,6,12,7,2015-09-13 00:00:00
2015091306,13,17,7,2015-09-13 00:00:00
2015091305,24,8,7,2015-09-13 00:00:00
2015091304,4,14,7,2015-09-13 00:00:00
2015091303,34,19,7,2015-09-13 00:00:00
2015091302,15,5,7,2015-09-13 00:00:00
2015091301,31,29,7,2015-09-13 00:00:00
2015091307,1,22,7,2015-09-13 00:00:00
2015091308,28,11,7,2015-09-13 00:00:00
2015091311,32,33,7,2015-09-13 00:00:00
2015091310,25,7,7,2015-09-13 00:00:00
2015091309,10,3,7,2015-09-13 00:00:00
2015091312,9,23,7,2015-09-13 00:00:00
2015091400,2,26,7,2015-09-14 00:00:00
2015091401,30,20,7,2015-09-14 00:00:00
2015091700,17,10,7,2015-09-17 00:00:00
2015092000,5,13,7,2015-09-20 00:00:00
2015092009,27,30,7,2015-09-20 00:00:00
2015092008,22,32,7,2015-09-20 00:00:00
2015092007,20,11,7,2015-09-20 00:00:00
2015092006,6,1,7,2015-09-20 00:00:00
2015092001,4,21,7,2015-09-20 00:00:00
2015092002,7,28,7,2015-09-20 00:00:00
2015092003,8,33,7,2015-09-20 00:00:00
2015092004,23,2,7,2015-09-20 00:00:00
2015092005,34,31,7,2015-09-20 00:00:00
2015092011,15,19,7,2015-09-20 00:00:00
2015092010,25,3,7,2015-09-20 00:00:00
2015092012,26,9,7,2015-09-20 00:00:00
2015092013,12,29,7,2015-09-20 00:00:00
2015092100,14,24,7,2015-09-21 00:00:00
2015092400,23,34,7,2015-09-24 00:00:00
2015092700,9,2,7,2015-09-27 00:00:00
2015092709,33,14,7,2015-09-27 00:00:00
2015092708,8,25,7,2015-09-27 00:00:00
2015092707,3,7,7,2015-09-27 00:00:00
2015092706,21,15,7,2015-09-27 00:00:00
2015092701,5,22,7,2015-09-27 00:00:00
2015092702,24,26,7,2015-09-27 00:00:00
2015092703,13,32,7,2015-09-27 00:00:00
2015092704,20,28,7,2015-09-27 00:00:00
2015092705,31,27,7,2015-09-27 00:00:00
2015092710,1,30,7,2015-09-27 00:00:00
2015092712,19,4,7,2015-09-27 00:00:00
2015092711,29,6,7,2015-09-27 00:00:00
2015092713,11,10,7,2015-09-27 00:00:00
2015092800,12,17,7,2015-09-28 00:00:00
2015100100,27,3,7,2015-10-01 00:00:00
2015100400,19,24,7,2015-10-04 00:00:00
2015100404,14,15,7,2015-10-04 00:00:00
2015100407,4,23,7,2015-10-04 00:00:00
2015100406,32,5,7,2015-10-04 00:00:00
2015100405,34,26,7,2015-10-04 00:00:00
2015100401,6,25,7,2015-10-04 00:00:00
2015100402,2,13,7,2015-10-04 00:00:00
2015100403,7,17,7,2015-10-04 00:00:00
2015100408,28,8,7,2015-10-04 00:00:00
2015100409,30,12,7,2015-10-04 00:00:00
2015100410,1,31,7,2015-10-04 00:00:00
2015100411,10,20,7,2015-10-04 00:00:00
2015100412,22,9,7,2015-10-04 00:00:00
2015100500,29,11,7,2015-10-05 00:00:00
2015100800,13,14,7,2015-10-08 00:00:00
2015101101,17,6,7,2015-10-11 00:00:00
2015101102,7,29,7,2015-10-11 00:00:00
2015101103,2,34,7,2015-10-11 00:00:00
2015101104,32,15,7,2015-10-11 00:00:00
2015101100,26,22,7,2015-10-11 00:00:00
2015101105,3,8,7,2015-10-11 00:00:00
2015101107,12,31,7,2015-10-11 00:00:00
2015101106,33,4,7,2015-10-11 00:00:00
2015101108,11,1,7,2015-10-11 00:00:00
2015101109,9,21,7,2015-10-11 00:00:00
2015101110,25,10,7,2015-10-11 00:00:00
2015101111,23,30,7,2015-10-11 00:00:00
2015101200,28,27,7,2015-10-12 00:00:00
2015101500,22,2,7,2015-10-15 00:00:00
2015101801,24,34,7,2015-10-18 00:00:00
2015101802,27,1,7,2015-10-18 00:00:00
2015101803,20,17,7,2015-10-18 00:00:00
2015101804,4,7,7,2015-10-18 00:00:00
2015101800,11,6,7,2015-10-18 00:00:00
2015101805,8,10,7,2015-10-18 00:00:00
2015101807,15,13,7,2015-10-18 00:00:00
2015101806,33,19,7,2015-10-18 00:00:00
2015101808,29,5,7,2015-10-18 00:00:00
2015101809,12,28,7,2015-10-18 00:00:00
2015101810,30,3,7,2015-10-18 00:00:00
2015101811,14,21,7,2015-10-18 00:00:00
2015101900,26,23,7,2015-10-19 00:00:00
2015102200,30,29,7,2015-10-22 00:00:00
2015102500,15,4,7,2015-10-25 00:00:00
2015102505,34,32,7,2015-10-25 00:00:00
2015102508,33,2,7,2015-10-25 00:00:00
2015102507,14,22,7,2015-10-25 00:00:00
2015102506,11,20,7,2015-10-25 00:00:00
2015102504,17,27,7,2015-10-25 00:00:00
2015102501,31,8,7,2015-10-25 00:00:00
2015102502,19,13,7,2015-10-25 00:00:00
2015102503,21,24,7,2015-10-25 00:00:00
2015102509,28,25,7,2015-10-25 00:00:00
2015102510,23,9,7,2015-10-25 00:00:00
2015102511,5,26,7,2015-10-25 00:00:00
2015102600,1,3,7,2015-10-26 00:00:00
2015102900,21,19,7,2015-10-29 00:00:00
2015110100,17,11,7,2015-11-01 00:00:00
2015110105,2,32,7,2015-11-01 00:00:00
2015110108,8,1,7,2015-11-01 00:00:00
2015110107,31,30,7,2015-11-01 00:00:00
2015110106,22,23,7,2015-11-01 00:00:00
2015110104,6,20,7,2015-11-01 00:00:00
2015110101,3,28,7,2015-11-01 00:00:00
2015110102,27,7,7,2015-11-01 00:00:00
2015110103,13,33,7,2015-11-01 00:00:00
2015110109,25,24,7,2015-11-01 00:00:00
2015110110,9,29,7,2015-11-01 00:00:00
2015110111,10,12,7,2015-11-01 00:00:00
2015110200,5,14,7,2015-11-02 00:00:00
2015110500,7,8,7,2015-11-05 00:00:00
2015110801,5,12,7,2015-11-08 00:00:00
2015110802,21,34,7,2015-11-08 00:00:00
2015110803,22,33,7,2015-11-08 00:00:00
2015110804,4,19,7,2015-11-08 00:00:00
2015110800,20,31,7,2015-11-08 00:00:00
2015110805,24,15,7,2015-11-08 00:00:00
2015110806,27,25,7,2015-11-08 00:00:00
2015110807,32,23,7,2015-11-08 00:00:00
2015110808,30,2,7,2015-11-08 00:00:00
2015110809,14,10,7,2015-11-08 00:00:00
2015110810,9,26,7,2015-11-08 00:00:00
2015110900,28,6,7,2015-11-09 00:00:00
2015111200,24,4,7,2015-11-12 00:00:00
2015111501,12,11,7,2015-11-15 00:00:00
2015111502,32,9,7,2015-11-15 00:00:00
2015111503,33,5,7,2015-11-15 00:00:00
2015111504,31,6,7,2015-11-15 00:00:00
2015111500,34,22,7,2015-11-15 00:00:00
2015111505,26,19,7,2015-11-15 00:00:00
2015111507,27,8,7,2015-11-15 00:00:00
2015111506,3,15,7,2015-11-15 00:00:00
2015111508,25,20,7,2015-11-15 00:00:00
2015111509,23,21,7,2015-11-15 00:00:00
2015111510,10,17,7,2015-11-15 00:00:00
2015111511,29,1,7,2015-11-15 00:00:00
2015111600,7,13,7,2015-11-16 00:00:00
2015111900,15,33,7,2015-11-19 00:00:00
2015112201,11,25,7,2015-11-22 00:00:00
2015112202,2,14,7,2015-11-22 00:00:00
2015112208,3,31,7,2015-11-22 00:00:00
2015112204,26,32,7,2015-11-22 00:00:00
2015112200,6,10,7,2015-11-22 00:00:00
2015112203,13,24,7,2015-11-22 00:00:00
2015112206,5,34,7,2015-11-22 00:00:00
2015112207,19,9,7,2015-11-22 00:00:00
2015112211,28,17,7,2015-11-22 00:00:00
2015112205,20,12,7,2015-11-22 00:00:00
2015112210,29,30,7,2015-11-22 00:00:00
2015112209,1,7,7,2015-11-22 00:00:00
2015112300,21,4,7,2015-11-23 00:00:00
2015112600,11,26,7,2015-11-26 00:00:00
2015112601,9,5,7,2015-11-26 00:00:00
2015112602,12,6,7,2015-11-26 00:00:00
2015112903,13,22,7,2015-11-29 00:00:00
2015112902,7,31,7,2015-11-29 00:00:00
2015112901,2,20,7,2015-11-29 00:00:00
2015112900,34,23,7,2015-11-29 00:00:00
2015112904,14,32,7,2015-11-29 00:00:00
2015112908,17,4,7,2015-11-29 00:00:00
2015112907,33,25,7,2015-11-29 00:00:00
2015112906,15,28,7,2015-11-29 00:00:00
2015112905,24,19,7,2015-11-29 00:00:00
2015112909,30,1,7,2015-11-29 00:00:00
2015112910,29,27,7,2015-11-29 00:00:00
2015112911,10,21,7,2015-11-29 00:00:00
2015113000,8,3,7,2015-11-30 00:00:00
2015120300,11,12,7,2015-12-03 00:00:00
2015120600,23,24,7,2015-12-06 00:00:00
2015120609,31,1,7,2015-12-06 00:00:00
2015120608,32,2,7,2015-12-06 00:00:00
2015120606,20,29,7,2015-12-06 00:00:00
2015120605,6,30,7,2015-12-06 00:00:00
2015120604,33,15,7,2015-12-06 00:00:00
2015120601,4,13,7,2015-12-06 00:00:00
2015120602,19,3,7,2015-12-06 00:00:00
2015120603,8,7,7,2015-12-06 00:00:00
2015120610,25,17,7,2015-12-06 00:00:00
2015120611,28,10,7,2015-12-06 00:00:00
2015120612,21,26,7,2015-12-06 00:00:00
2015120607,22,5,7,2015-12-06 00:00:00
2015120613,27,14,7,2015-12-06 00:00:00
2015120700,34,9,7,2015-12-07 00:00:00
2015121000,1,20,7,2015-12-10 00:00:00
2015121300,26,4,7,2015-12-13 00:00:00
2015121313,3,29,7,2015-12-13 00:00:00
2015121310,8,30,7,2015-12-13 00:00:00
2015121309,31,11,7,2015-12-13 00:00:00
2015121301,24,33,7,2015-12-13 00:00:00
2015121302,7,27,7,2015-12-13 00:00:00
2015121304,15,14,7,2015-12-13 00:00:00
2015121305,17,28,7,2015-12-13 00:00:00
2015121306,6,34,7,2015-12-13 00:00:00
2015121307,5,2,7,2015-12-13 00:00:00
2015121308,32,22,7,2015-12-13 00:00:00
2015121311,10,25,7,2015-12-13 00:00:00
2015121312,12,9,7,2015-12-13 00:00:00
2015121303,13,21,7,2015-12-13 00:00:00
2015121400,19,23,7,2015-12-14 00:00:00
2015121700,31,32,7,2015-12-17 00:00:00
2015121900,9,24,7,2015-12-19 00:00:00
2015122000,23,5,7,2015-12-20 00:00:00
2015122005,21,33,7,2015-12-20 00:00:00
2015122007,34,4,7,2015-12-20 00:00:00
2015122006,3,17,7,2015-12-20 00:00:00
2015122004,14,13,7,2015-12-20 00:00:00
2015122003,15,2,7,2015-12-20 00:00:00
2015122002,20,6,7,2015-12-20 00:00:00
2015122009,25,12,7,2015-12-20 00:00:00
2015122008,29,8,7,2015-12-20 00:00:00
2015122012,30,7,7,2015-12-20 00:00:00
2015122011,28,19,7,2015-12-20 00:00:00
2015122010,27,10,7,2015-12-20 00:00:00
2015122001,26,1,7,2015-12-20 00:00:00
2015122100,22,11,7,2015-12-21 00:00:00
2015122400,25,28,7,2015-12-24 00:00:00
2015122600,26,34,7,2015-12-26 00:00:00
2015122705,11,30,7,2015-12-27 00:00:00
2015122712,3,27,7,2015-12-27 00:00:00
2015122709,4,9,7,2015-12-27 00:00:00
2015122708,32,6,7,2015-12-27 00:00:00
2015122707,2,5,7,2015-12-27 00:00:00
2015122701,19,14,7,2015-12-27 00:00:00
2015122702,24,21,7,2015-12-27 00:00:00
2015122703,33,13,7,2015-12-27 00:00:00
2015122704,17,8,7,2015-12-27 00:00:00
2015122700,22,15,7,2015-12-27 00:00:00
2015122710,1,12,7,2015-12-27 00:00:00
2015122711,29,31,7,2015-12-27 00:00:00
2015122706,20,23,7,2015-12-27 00:00:00
2015122800,10,7,7,2015-12-28 00:00:00
2016010300,4,24,7,2016-01-03 00:00:00
2016010301,19,21,7,2016-01-03 00:00:00
2016010311,2,22,7,2016-01-03 00:00:00
2016010309,6,11,7,2016-01-03 00:00:00
2016010308,23,26,7,2016-01-03 00:00:00
2016010307,9,34,7,2016-01-03 00:00:00
2016010305,14,33,7,2016-01-03 00:00:00
2016010302,7,3,7,2016-01-03 00:00:00
2016010303,8,27,7,2016-01-03 00:00:00
2016010304,13,15,7,2016-01-03 00:00:00
2016010306,17,25,7,2016-01-03 00:00:00
2016010313,10,28,7,2016-01-03 00:00:00
2016010312,5,32,7,2016-01-03 00:00:00
2016010314,1,29,7,2016-01-03 00:00:00
2016010315,30,31,7,2016-01-03 00:00:00
2016010310,12,20,7,2016-01-03 00:00:00
2016090800,10,5,8,2016-09-08 00:00:00
2016091100,2,32,8,2016-09-11 00:00:00
2016091108,33,20,8,2016-09-11 00:00:00
2016091107,26,8,8,2016-09-11 00:00:00
2016091106,24,7,8,2016-09-11 00:00:00
2016091105,22,25,8,2016-09-11 00:00:00
2016091104,17,28,8,2016-09-11 00:00:00
2016091101,3,4,8,2016-09-11 00:00:00
2016091102,13,6,8,2016-09-11 00:00:00
2016091103,15,12,8,2016-09-11 00:00:00
2016091109,29,19,8,2016-09-11 00:00:00
2016091110,9,23,8,2016-09-11 00:00:00
2016091111,14,11,8,2016-09-11 00:00:00
2016091112,1,21,8,2016-09-11 00:00:00
2016091200,34,27,8,2016-09-12 00:00:00
2016091201,30,18,8,2016-09-12 00:00:00
2016091500,4,24,8,2016-09-15 00:00:00
2016091800,5,30,8,2016-09-18 00:00:00
2016091807,34,9,8,2016-09-18 00:00:00
2016091806,27,7,8,2016-09-18 00:00:00
2016091805,23,22,8,2016-09-18 00:00:00
2016091804,21,19,8,2016-09-18 00:00:00
2016091803,13,17,8,2016-09-18 00:00:00
2016091802,11,33,8,2016-09-18 00:00:00
2016091801,8,3,8,2016-09-18 00:00:00
2016091809,18,29,8,2016-09-18 00:00:00
2016091808,1,32,8,2016-09-18 00:00:00
2016091812,28,16,8,2016-09-18 00:00:00
2016091811,25,2,8,2016-09-18 00:00:00
2016091810,10,14,8,2016-09-18 00:00:00
2016091813,20,12,8,2016-09-18 00:00:00
2016091900,6,26,8,2016-09-19 00:00:00
2016092200,21,13,8,2016-09-22 00:00:00
2016092500,4,1,8,2016-09-25 00:00:00
2016092507,33,25,8,2016-09-25 00:00:00
2016092506,23,34,8,2016-09-25 00:00:00
2016092505,19,8,8,2016-09-25 00:00:00
2016092504,16,3,8,2016-09-25 00:00:00
2016092503,12,11,8,2016-09-25 00:00:00
2016092502,7,10,8,2016-09-25 00:00:00
2016092501,5,20,8,2016-09-25 00:00:00
2016092509,32,18,8,2016-09-25 00:00:00
2016092508,29,30,8,2016-09-25 00:00:00
2016092512,17,24,8,2016-09-25 00:00:00
2016092511,14,28,8,2016-09-25 00:00:00
2016092510,26,27,8,2016-09-25 00:00:00
2016092513,9,6,8,2016-09-25 00:00:00
2016092600,22,2,8,2016-09-26 00:00:00
2016092900,7,19,8,2016-09-29 00:00:00
2016100200,16,14,8,2016-10-02 00:00:00
2016100204,13,33,8,2016-10-02 00:00:00
2016100207,34,8,8,2016-10-02 00:00:00
2016100206,24,29,8,2016-10-02 00:00:00
2016100205,21,4,8,2016-10-02 00:00:00
2016100201,2,5,8,2016-10-02 00:00:00
2016100202,3,25,8,2016-10-02 00:00:00
2016100203,6,11,8,2016-10-02 00:00:00
2016100208,32,10,8,2016-10-02 00:00:00
2016100209,1,18,8,2016-10-02 00:00:00
2016100210,28,22,8,2016-10-02 00:00:00
2016100211,30,9,8,2016-10-02 00:00:00
2016100212,27,17,8,2016-10-02 00:00:00
2016100300,20,23,8,2016-10-03 00:00:00
2016100600,30,1,8,2016-10-06 00:00:00
2016100901,8,21,8,2016-10-09 00:00:00
2016100902,11,26,8,2016-10-09 00:00:00
2016100903,14,6,8,2016-10-09 00:00:00
2016100904,19,33,8,2016-10-09 00:00:00
2016100900,3,34,8,2016-10-09 00:00:00
2016100905,20,13,8,2016-10-09 00:00:00
2016100906,27,24,8,2016-10-09 00:00:00
2016100907,10,2,8,2016-10-09 00:00:00
2016100908,9,7,8,2016-10-09 00:00:00
2016100909,18,4,8,2016-10-09 00:00:00
2016100910,25,28,8,2016-10-09 00:00:00
2016100911,12,23,8,2016-10-09 00:00:00
2016101000,5,32,8,2016-10-10 00:00:00
2016101300,28,10,8,2016-10-13 00:00:00
2016101600,4,30,8,2016-10-16 00:00:00
2016101608,34,26,8,2016-10-16 00:00:00
2016101607,33,8,8,2016-10-16 00:00:00
2016101606,23,3,8,2016-10-16 00:00:00
2016101605,22,5,8,2016-10-16 00:00:00
2016101601,6,16,8,2016-10-16 00:00:00
2016101602,11,18,8,2016-10-16 00:00:00
2016101603,19,27,8,2016-10-16 00:00:00
2016101604,21,7,8,2016-10-16 00:00:00
2016101609,25,17,8,2016-10-16 00:00:00
2016101611,29,2,8,2016-10-16 00:00:00
2016101610,12,9,8,2016-10-16 00:00:00
2016101612,13,14,8,2016-10-16 00:00:00
2016101700,1,24,8,2016-10-17 00:00:00
2016102000,12,6,8,2016-10-20 00:00:00
2016102300,18,23,8,2016-10-23 00:00:00
2016102304,17,22,8,2016-10-23 00:00:00
2016102308,33,14,8,2016-10-23 00:00:00
2016102307,26,20,8,2016-10-23 00:00:00
2016102301,7,8,8,2016-10-23 00:00:00
2016102302,11,34,8,2016-10-23 00:00:00
2016102303,16,25,8,2016-10-23 00:00:00
2016102305,19,4,8,2016-10-23 00:00:00
2016102306,24,3,8,2016-10-23 00:00:00
2016102310,30,32,8,2016-10-23 00:00:00
2016102309,2,28,8,2016-10-23 00:00:00
2016102311,27,21,8,2016-10-23 00:00:00
2016102312,1,29,8,2016-10-23 00:00:00
2016102400,10,13,8,2016-10-24 00:00:00
2016102700,33,16,8,2016-10-27 00:00:00
2016103000,7,34,8,2016-10-30 00:00:00
2016103005,14,17,8,2016-10-30 00:00:00
2016103009,5,1,8,2016-10-30 00:00:00
2016103007,32,25,8,2016-10-30 00:00:00
2016103006,22,29,8,2016-10-30 00:00:00
2016103004,13,11,8,2016-10-30 00:00:00
2016103002,4,21,8,2016-10-30 00:00:00
2016103003,8,24,8,2016-10-30 00:00:00
2016103008,10,28,8,2016-10-30 00:00:00
2016103001,2,12,8,2016-10-30 00:00:00
2016103010,9,26,8,2016-10-30 00:00:00
2016103100,6,20,8,2016-10-31 00:00:00
2016110300,32,2,8,2016-11-03 00:00:00
2016110605,20,11,8,2016-11-06 00:00:00
2016110606,23,26,8,2016-11-06 00:00:00
2016110604,19,24,8,2016-11-06 00:00:00
2016110603,17,16,8,2016-11-06 00:00:00
2016110602,8,9,8,2016-11-06 00:00:00
2016110601,3,27,8,2016-11-06 00:00:00
2016110608,30,22,8,2016-11-06 00:00:00
2016110607,18,5,8,2016-11-06 00:00:00
2016110609,12,14,8,2016-11-06 00:00:00
2016110610,28,33,8,2016-11-06 00:00:00
2016110600,25,10,8,2016-11-06 00:00:00
2016110700,29,4,8,2016-11-07 00:00:00
2016111000,3,8,8,2016-11-10 00:00:00
2016111302,16,13,8,2016-11-13 00:00:00
2016111303,22,10,8,2016-11-13 00:00:00
2016111304,24,18,8,2016-11-13 00:00:00
2016111305,26,2,8,2016-11-13 00:00:00
2016111301,5,17,8,2016-11-13 00:00:00
2016111306,32,6,8,2016-11-13 00:00:00
2016111308,34,20,8,2016-11-13 00:00:00
2016111307,33,12,8,2016-11-13 00:00:00
2016111309,28,19,8,2016-11-13 00:00:00
2016111310,1,30,8,2016-11-13 00:00:00
2016111311,27,9,8,2016-11-13 00:00:00
2016111312,21,29,8,2016-11-13 00:00:00
2016111400,23,7,8,2016-11-14 00:00:00
2016111700,5,22,8,2016-11-17 00:00:00
2016112001,8,27,8,2016-11-20 00:00:00
2016112002,9,3,8,2016-11-20 00:00:00
2016112003,11,16,8,2016-11-20 00:00:00
2016112004,14,33,8,2016-11-20 00:00:00
2016112000,7,4,8,2016-11-20 00:00:00
2016112005,17,32,8,2016-11-20 00:00:00
2016112007,23,6,8,2016-11-20 00:00:00
2016112006,20,1,8,2016-11-20 00:00:00
2016112008,18,19,8,2016-11-20 00:00:00
2016112009,30,21,8,2016-11-20 00:00:00
2016112010,29,26,8,2016-11-20 00:00:00
2016112011,34,12,8,2016-11-20 00:00:00
2016112100,25,13,8,2016-11-21 00:00:00
2016112400,11,20,8,2016-11-24 00:00:00
2016112401,9,34,8,2016-11-24 00:00:00
2016112402,14,27,8,2016-11-24 00:00:00
2016112703,6,33,8,2016-11-27 00:00:00
2016112702,4,16,8,2016-11-27 00:00:00
2016112701,3,7,8,2016-11-27 00:00:00
2016112700,2,1,8,2016-11-27 00:00:00
2016112704,8,23,8,2016-11-27 00:00:00
2016112707,22,18,8,2016-11-27 00:00:00
2016112706,19,30,8,2016-11-27 00:00:00
2016112705,13,28,8,2016-11-27 00:00:00
2016112708,32,29,8,2016-11-27 00:00:00
2016112711,24,21,8,2016-11-27 00:00:00
2016112710,25,5,8,2016-11-27 00:00:00
2016112709,10,17,8,2016-11-27 00:00:00
2016112800,26,12,8,2016-11-28 00:00:00
2016120100,20,9,8,2016-12-01 00:00:00
2016120400,2,17,8,2016-12-04 00:00:00
2016120407,22,11,8,2016-12-04 00:00:00
2016120406,21,18,8,2016-12-04 00:00:00
2016120405,16,10,8,2016-12-04 00:00:00
2016120404,12,13,8,2016-12-04 00:00:00
2016120403,7,26,8,2016-12-04 00:00:00
2016120401,3,19,8,2016-12-04 00:00:00
2016120402,6,30,8,2016-12-04 00:00:00
2016120408,25,4,8,2016-12-04 00:00:00
2016120410,27,23,8,2016-12-04 00:00:00
2016120409,1,34,8,2016-12-04 00:00:00
2016120411,28,32,8,2016-12-04 00:00:00
2016120412,29,5,8,2016-12-04 00:00:00
2016120500,24,14,8,2016-12-05 00:00:00
2016120800,17,25,8,2016-12-08 00:00:00
2016121100,4,27,8,2016-12-11 00:00:00
2016121109,33,10,8,2016-12-11 00:00:00
2016121107,26,34,8,2016-12-11 00:00:00
2016121106,19,1,8,2016-12-11 00:00:00
2016121105,16,20,8,2016-12-11 00:00:00
2016121104,14,13,8,2016-12-11 00:00:00
2016121101,5,28,8,2016-12-11 00:00:00
2016121102,8,7,8,2016-12-11 00:00:00
2016121103,11,6,8,2016-12-11 00:00:00
2016121110,30,24,8,2016-12-11 00:00:00
2016121108,32,22,8,2016-12-11 00:00:00
2016121112,18,2,8,2016-12-11 00:00:00
2016121111,12,29,8,2016-12-11 00:00:00
2016121113,23,9,8,2016-12-11 00:00:00
2016121200,21,3,8,2016-12-12 00:00:00
2016121500,29,18,8,2016-12-15 00:00:00
2016121700,24,19,8,2016-12-17 00:00:00
2016121802,6,12,8,2016-12-18 00:00:00
2016121801,4,8,8,2016-12-18 00:00:00
2016121800,3,26,8,2016-12-18 00:00:00
2016121805,17,33,8,2016-12-18 00:00:00
2016121812,7,27,8,2016-12-18 00:00:00
2016121807,23,11,8,2016-12-18 00:00:00
2016121806,20,14,8,2016-12-18 00:00:00
2016121804,13,16,8,2016-12-18 00:00:00
2016121808,1,22,8,2016-12-18 00:00:00
2016121809,2,30,8,2016-12-18 00:00:00
2016121811,28,25,8,2016-12-18 00:00:00
2016121810,10,21,8,2016-12-18 00:00:00
2016121803,9,32,8,2016-12-18 00:00:00
2016121900,34,5,8,2016-12-19 00:00:00
2016122200,26,23,8,2016-12-22 00:00:00
2016122400,4,19,8,2016-12-24 00:00:00
2016122406,21,24,8,2016-12-24 00:00:00
2016122405,16,33,8,2016-12-24 00:00:00
2016122404,12,20,8,2016-12-24 00:00:00
2016122403,8,28,8,2016-12-24 00:00:00
2016122402,6,34,8,2016-12-24 00:00:00
2016122401,5,2,8,2016-12-24 00:00:00
2016122408,25,14,8,2016-12-24 00:00:00
2016122407,22,32,8,2016-12-24 00:00:00
2016122410,29,1,8,2016-12-24 00:00:00
2016122409,18,30,8,2016-12-24 00:00:00
2016122411,13,7,8,2016-12-24 00:00:00
2016122500,27,3,8,2016-12-25 00:00:00
2016122501,17,10,8,2016-12-25 00:00:00
2016122600,9,11,8,2016-12-26 00:00:00
2017010101,7,3,8,2017-01-01 00:00:00
2017010110,33,13,8,2017-01-01 00:00:00
2017010109,32,5,8,2017-01-01 00:00:00
2017010108,27,8,8,2017-01-01 00:00:00
2017010107,26,9,8,2017-01-01 00:00:00
2017010106,24,4,8,2017-01-01 00:00:00
2017010105,20,6,8,2017-01-01 00:00:00
2017010103,14,16,8,2017-01-01 00:00:00
2017010104,19,21,8,2017-01-01 00:00:00
2017010114,28,17,8,2017-01-01 00:00:00
2017010113,18,1,8,2017-01-01 00:00:00
2017010112,10,25,8,2017-01-01 00:00:00
2017010111,34,23,8,2017-01-01 00:00:00
2017010115,30,29,8,2017-01-01 00:00:00
2017010100,2,22,8,2017-01-01 00:00:00
2017010102,11,12,8,2017-01-01 00:00:00
