play_id,play_type_id,game_id,yards_gained,down,qtr,TimeSecs,ydstogo,posteam_id
4,2,2009091000,0,3,1,3515,8,27
5,4,2009091000,0,4,1,3507,8,27
6,3,2009091000,0,1,1,3496,10,33
7,2,2009091000,4,2,1,3460,10,33
8,3,2009091000,-2,3,1,3431,6,33
9,4,2009091000,11,4,1,3394,8,33
10,2,2009091000,3,1,1,3384,10,27
11,2,2009091000,10,2,1,3348,7,27
12,3,2009091000,-1,1,1,3321,10,27
13,2,2009091000,9,2,1,3283,11,27
14,5,2009091000,-19,3,1,3241,2,27
15,4,2009091000,0,4,1,3205,21,27
16,3,2009091000,32,1,1,3200,10,33
17,2,2009091000,20,1,1,3177,10,33
18,3,2009091000,3,1,1,3144,10,33
19,2,2009091000,0,2,1,3117,7,33
20,2,2009091000,0,3,1,3112,7,33
21,6,2009091000,0,4,1,3108,7,33
22,3,2009091000,1,1,1,3104,10,27
23,3,2009091000,2,2,1,3069,9,27
24,5,2009091000,-9,3,1,3027,7,27
25,4,2009091000,0,4,1,3002,16,27
26,2,2009091000,10,1,1,2989,10,33
27,7,2009091000,24,1,1,2967,10,33
28,2,2009091000,9,1,1,2947,15,33
29,3,2009091000,3,2,1,2925,6,33
30,2,2009091000,8,3,1,2886,3,33
31,2,2009091000,5,1,1,2848,10,33
32,2,2009091000,0,2,1,2811,5,33
33,3,2009091000,2,1,1,2798,10,27
34,3,2009091000,1,2,1,2757,8,27
35,2,2009091000,0,3,1,2712,7,27
36,3,2009091000,1,1,1,2706,10,33
38,2,2009091000,11,2,2,2700,9,33
39,3,2009091000,-2,1,2,2662,10,33
40,2,2009091000,0,2,2,2629,12,33
41,5,2009091000,-10,3,2,2624,12,33
42,4,2009091000,0,4,2,2593,22,33
43,2,2009091000,8,1,2,2584,10,27
44,3,2009091000,0,2,2,2543,2,27
45,2,2009091000,8,3,2,2499,2,27
46,2,2009091000,9,1,2,2459,10,27
47,3,2009091000,5,2,2,2419,1,27
48,7,2009091000,0,2,2,2394,6,27
49,2,2009091000,18,2,2,2383,16,27
50,3,2009091000,1,1,2,2339,10,27
51,3,2009091000,4,2,2,2298,9,27
52,2,2009091000,0,3,2,2252,5,27
53,4,2009091000,11,4,2,2245,5,27
54,2,2009091000,0,1,2,2234,10,33
55,3,2009091000,4,2,2,2227,10,33
56,2,2009091000,8,3,2,2191,6,33
57,3,2009091000,3,1,2,2154,10,33
58,7,2009091000,0,2,2,2119,7,33
59,2,2009091000,15,2,2,2111,7,33
60,2,2009091000,0,1,2,2086,10,33
61,3,2009091000,3,2,2,2080,10,33
62,2,2009091000,8,3,2,2041,7,33
63,2,2009091000,5,1,2,2017,10,33
64,3,2009091000,-1,2,2,1984,5,33
65,2,2009091000,0,3,2,1948,6,33
66,6,2009091000,0,4,2,1942,6,33
67,2,2009091000,0,1,2,1934,10,27
68,2,2009091000,12,2,2,1928,10,27
70,2,2009091000,4,1,2,1920,10,27
71,2,2009091000,29,2,2,1898,6,27
73,2,2009091000,34,1,2,1889,10,27
74,11,2009091000,0,0,2,1882,0,27
75,1,2009091000,19,0,2,1882,0,33
76,2,2009091000,0,1,2,1875,10,33
77,2,2009091000,57,2,2,1869,10,33
79,2,2009091000,14,1,2,1853,10,33
80,11,2009091000,0,0,2,1848,0,33
81,1,2009091000,19,0,2,1848,0,27
82,2,2009091000,5,1,2,1841,10,27
83,2,2009091000,14,2,2,1835,5,27
85,2,2009091000,12,1,2,1827,10,27
86,2,2009091000,0,1,2,1821,10,27
87,5,2009091000,-8,2,2,1816,10,27
89,7,2009091000,-13,3,2,1807,18,27
90,2,2009091000,0,3,2,1801,23,27
91,1,2009091000,21,0,3,1800,0,33
92,3,2009091000,7,1,3,1795,10,33
93,3,2009091000,17,2,3,1760,3,33
94,3,2009091000,5,1,3,1718,10,33
95,2,2009091000,8,2,3,1684,5,33
96,3,2009091000,0,1,3,1661,10,33
97,2,2009091000,1,2,3,1626,10,33
98,3,2009091000,8,1,3,1617,10,27
99,3,2009091000,1,2,3,1580,2,27
100,3,2009091000,0,3,3,1537,1,27
101,4,2009091000,0,4,3,1512,1,27
102,3,2009091000,1,1,3,1493,10,33
103,3,2009091000,0,2,3,1451,9,33
104,3,2009091000,-2,3,3,1426,9,33
105,4,2009091000,0,4,3,1389,11,33
106,2,2009091000,0,1,3,1381,10,27
107,3,2009091000,4,2,3,1378,10,27
108,2,2009091000,7,3,3,1335,6,27
109,3,2009091000,3,1,3,1309,10,27
110,3,2009091000,-3,2,3,1266,7,27
111,2,2009091000,0,3,3,1223,10,27
112,4,2009091000,0,4,3,1218,10,27
113,3,2009091000,6,1,3,1208,10,33
114,2,2009091000,-2,2,3,1169,4,33
115,2,2009091000,16,3,3,1128,6,33
116,3,2009091000,4,1,3,1092,10,33
117,2,2009091000,0,2,3,1056,6,33
118,7,2009091000,11,3,3,1050,6,33
119,2,2009091000,0,3,3,1021,11,33
120,4,2009091000,0,4,3,1016,11,33
121,3,2009091000,3,1,3,1003,10,27
122,3,2009091000,0,2,3,968,7,27
123,2,2009091000,5,3,3,925,7,27
125,4,2009091000,5,4,4,900,2,27
126,2,2009091000,15,1,4,891,10,33
127,3,2009091000,-1,1,4,868,10,33
128,2,2009091000,15,2,4,827,11,33
129,3,2009091000,2,1,4,790,10,33
130,2,2009091000,2,2,4,754,8,33
131,2,2009091000,3,3,4,708,6,33
132,6,2009091000,0,4,4,668,3,33
133,1,2009091000,34,0,4,663,0,27
134,2,2009091000,7,1,4,654,10,27
135,2,2009091000,5,2,4,617,3,27
136,2,2009091000,9,1,4,573,10,27
137,2,2009091000,3,2,4,541,1,27
138,7,2009091000,0,1,4,497,10,27
139,2,2009091000,10,1,4,497,5,27
140,3,2009091000,4,1,4,435,10,27
141,5,2009091000,-6,2,4,394,6,27
142,2,2009091000,15,3,4,356,12,27
143,2,2009091000,8,1,4,310,10,27
144,3,2009091000,1,2,4,268,2,27
145,3,2009091000,0,3,4,226,1,27
146,7,2009091000,0,4,4,182,1,27
147,6,2009091000,0,4,4,180,6,27
148,1,2009091000,19,0,4,177,0,33
149,2,2009091000,12,1,4,170,10,33
150,2,2009091000,0,1,4,132,10,33
151,2,2009091000,0,2,4,128,10,33
152,2,2009091000,0,3,4,123,10,33
154,4,2009091000,0,4,4,117,10,33
155,2,2009091000,12,1,4,110,10,27
156,2,2009091000,3,1,4,102,10,27
157,2,2009091000,9,2,4,70,7,27
159,2,2009091000,30,1,4,63,10,27
160,3,2009091000,2,1,4,51,10,33
162,7,2009091000,0,2,4,44,8,33
163,3,2009091000,1,2,4,44,11,33
165,3,2009091000,0,3,4,41,10,33
167,1,2009091000,24,0,5,0,0,27
168,2,2009091000,0,1,5,-4,10,27
169,2,2009091000,11,2,5,-8,10,27
170,2,2009091000,8,1,5,-30,10,27
171,3,2009091000,2,2,5,-30,2,27
172,3,2009091000,1,1,5,-101,10,27
173,2,2009091000,8,2,5,-135,9,27
174,2,2009091000,11,3,5,-178,1,27
175,2,2009091000,0,1,5,-219,10,27
176,2,2009091000,22,2,5,-226,10,27
178,6,2009091000,0,1,5,-266,10,27
179,1,2009091304,0,0,1,3600,0,8
180,3,2009091304,6,1,1,3599,10,8
181,2,2009091304,0,2,1,3559,4,8
182,3,2009091304,5,3,1,3553,4,8
183,2,2009091304,18,1,1,3515,10,8
184,2,2009091304,0,1,1,3469,10,8
185,3,2009091304,1,2,1,3465,10,8
186,2,2009091304,1,3,1,3429,9,8
187,6,2009091304,0,4,1,3393,8,8
188,1,2009091304,29,0,1,3388,0,20
189,3,2009091304,1,1,1,3381,10,20
190,3,2009091304,0,2,1,3345,9,20
191,2,2009091304,-1,3,1,3304,9,20
192,4,2009091304,3,4,1,3273,10,20
193,3,2009091304,2,1,1,3264,10,8
194,2,2009091304,2,2,1,3229,8,8
195,3,2009091304,2,2,1,3197,16,8
196,3,2009091304,0,3,1,3155,14,8
197,4,2009091304,0,4,1,3125,14,8
198,2,2009091304,6,1,1,3115,10,20
199,3,2009091304,3,2,1,3081,4,20
200,3,2009091304,7,3,1,3045,1,20
201,5,2009091304,-4,1,1,3010,10,20
202,3,2009091304,13,2,1,2971,14,20
203,3,2009091304,5,3,1,2928,1,20
204,2,2009091304,5,1,1,2887,10,20
205,3,2009091304,11,2,1,2837,5,20
206,3,2009091304,2,1,1,2793,3,20
207,3,2009091304,-2,2,1,2755,1,20
208,2,2009091304,0,3,1,2710,3,20
209,6,2009091304,0,4,1,2706,3,20
210,1,2009091304,17,0,1,2703,0,8
212,3,2009091304,0,1,2,2700,10,8
213,2,2009091304,5,2,2,2664,10,8
214,5,2009091304,-9,3,2,2617,5,8
215,4,2009091304,36,4,2,2591,14,8
216,2,2009091304,2,1,2,2576,10,20
217,2,2009091304,18,2,2,2547,8,20
218,3,2009091304,2,1,2,2514,3,20
219,3,2009091304,1,2,2,2477,1,20
220,11,2009091304,0,0,2,2469,0,20
221,1,2009091304,27,0,2,2469,0,8
222,3,2009091304,2,1,2,2462,10,8
223,2,2009091304,12,2,2,2417,8,8
224,3,2009091304,15,1,2,2383,10,8
225,2,2009091304,7,1,2,2357,10,8
226,3,2009091304,5,2,2,2316,3,8
227,7,2009091304,34,1,2,2274,10,8
228,3,2009091304,3,1,2,2267,6,8
229,3,2009091304,2,2,2,2236,3,8
230,3,2009091304,-1,3,2,2198,1,8
231,6,2009091304,0,4,2,2160,2,8
232,1,2009091304,0,0,2,2157,0,20
233,2,2009091304,9,1,2,2157,10,20
234,3,2009091304,0,2,2,2123,1,20
235,3,2009091304,0,3,2,2079,1,20
236,4,2009091304,0,4,2,2053,1,20
237,2,2009091304,0,1,2,2045,10,8
238,7,2009091304,0,2,2,2042,10,8
239,3,2009091304,-1,2,2,2042,15,8
240,3,2009091304,11,3,2,2000,16,8
241,4,2009091304,0,4,2,1950,5,8
242,2,2009091304,0,1,2,1943,10,20
243,5,2009091304,-6,2,2,1939,10,20
245,2,2009091304,10,3,2,1920,16,20
247,4,2009091304,67,4,2,1906,6,20
248,1,2009091304,29,0,2,1890,0,20
249,2,2009091304,0,1,2,1884,10,20
250,2,2009091304,8,2,2,1880,10,20
251,2,2009091304,0,3,2,1874,2,20
252,4,2009091304,0,4,2,1871,2,20
253,2,2009091304,0,1,2,1864,10,8
254,2,2009091304,2,2,2,1860,10,8
255,5,2009091304,-1,3,2,1815,8,8
257,1,2009091304,41,0,3,1800,0,20
258,3,2009091304,5,1,3,1790,10,20
259,3,2009091304,6,2,3,1755,5,20
260,3,2009091304,11,1,3,1721,10,20
261,7,2009091304,0,1,3,1721,10,20
262,2,2009091304,0,1,3,1667,15,20
263,3,2009091304,5,2,3,1660,15,20
264,2,2009091304,13,3,3,1629,10,20
265,7,2009091304,0,1,3,1591,10,20
266,3,2009091304,3,1,3,1586,4,20
267,3,2009091304,0,2,3,1551,1,20
268,3,2009091304,1,3,3,1510,1,20
269,11,2009091304,0,0,3,1507,0,20
270,1,2009091304,27,0,3,1507,0,8
271,3,2009091304,14,1,3,1499,10,8
272,3,2009091304,8,1,3,1462,10,8
273,2,2009091304,0,2,3,1425,2,8
274,3,2009091304,2,1,3,1418,10,20
275,2,2009091304,7,2,3,1373,8,20
276,3,2009091304,2,3,3,1334,1,20
277,5,2009091304,-8,1,3,1291,10,20
278,2,2009091304,21,2,3,1269,18,20
279,3,2009091304,6,1,3,1233,10,20
280,3,2009091304,7,2,3,1202,4,20
281,3,2009091304,5,1,3,1173,10,20
282,3,2009091304,8,2,3,1131,5,20
283,3,2009091304,19,1,3,1091,10,20
284,3,2009091304,-2,1,3,1051,10,20
285,2,2009091304,9,2,3,1011,12,20
286,2,2009091304,6,3,3,972,3,20
287,11,2009091304,0,0,3,966,0,20
288,1,2009091304,27,0,3,966,0,8
289,2,2009091304,11,1,3,960,10,8
290,2,2009091304,2,1,3,934,10,8
291,3,2009091304,3,2,3,903,8,8
293,7,2009091304,0,3,4,900,5,8
294,2,2009091304,12,1,4,900,10,8
295,2,2009091304,0,1,4,865,10,8
296,3,2009091304,2,2,4,859,10,8
297,7,2009091304,0,3,4,859,8,8
298,2,2009091304,0,3,4,808,13,8
299,4,2009091304,0,4,4,803,13,8
300,3,2009091304,12,1,4,795,10,20
301,2,2009091304,0,1,4,767,10,20
302,3,2009091304,4,2,4,763,10,20
303,2,2009091304,0,3,4,721,6,20
304,4,2009091304,-3,4,4,715,6,20
305,2,2009091304,1,1,4,703,10,8
306,2,2009091304,7,2,4,680,9,8
307,7,2009091304,0,3,4,657,2,8
308,2,2009091304,10,3,4,639,7,8
309,5,2009091304,-4,1,4,615,10,8
310,3,2009091304,3,1,4,601,10,20
311,3,2009091304,19,2,4,566,7,20
312,3,2009091304,2,1,4,535,10,20
313,5,2009091304,-7,2,4,491,8,20
314,2,2009091304,-3,3,4,458,15,20
315,6,2009091304,0,4,4,419,18,20
316,1,2009091304,23,0,4,415,0,8
317,7,2009091304,0,1,4,408,10,8
318,2,2009091304,0,1,4,408,15,8
319,2,2009091304,0,2,4,405,15,8
320,2,2009091304,8,3,4,398,15,8
321,4,2009091304,18,4,4,381,7,8
322,3,2009091304,64,1,4,371,10,20
323,11,2009091304,0,0,4,358,0,20
324,1,2009091304,23,0,4,358,0,8
325,5,2009091304,-2,1,4,353,10,8
326,2,2009091304,19,2,4,335,12,8
327,2,2009091304,0,1,4,308,10,8
328,2,2009091304,0,2,4,304,10,8
329,2,2009091304,0,3,4,300,10,8
330,2,2009091304,0,4,4,292,10,8
331,3,2009091304,2,1,4,287,10,20
332,3,2009091304,-1,2,4,245,8,20
333,2,2009091304,0,3,4,200,9,20
334,4,2009091304,0,4,4,192,9,20
335,3,2009091304,10,1,4,183,10,8
336,2,2009091304,11,1,4,159,10,8
337,2,2009091304,0,1,4,130,10,8
338,2,2009091304,17,2,4,124,10,8
340,2,2009091304,5,1,4,116,10,8
341,2,2009091304,11,2,4,97,5,8
342,7,2009091304,6,1,4,74,10,8
343,2,2009091304,18,1,4,68,20,8
345,5,2009091304,-8,2,4,59,2,8
346,2,2009091304,26,3,4,35,10,8
347,11,2009091304,0,0,4,28,0,8
348,1,2009091304,0,0,4,28,0,20
349,12,2009091304,-1,1,4,28,10,20
350,13,2009091304,0,0,4,0,0,20
351,1,2009091307,42,0,1,3600,0,22
352,2,2009091307,14,1,1,3594,10,22
353,2,2009091307,26,1,1,3555,10,22
354,3,2009091307,5,1,1,3525,10,22
355,3,2009091307,0,2,1,3480,5,22
356,2,2009091307,9,3,1,3437,5,22
357,11,2009091307,0,0,1,3431,0,22
358,1,2009091307,0,0,1,3431,0,11
359,3,2009091307,1,1,1,3431,10,11
360,2,2009091307,4,2,1,3399,9,11
361,2,2009091307,0,3,1,3357,5,11
362,4,2009091307,0,4,1,3351,5,11
363,3,2009091307,7,1,1,3343,10,22
364,2,2009091307,7,2,1,3306,3,22
365,2,2009091307,39,1,1,3282,10,22
366,11,2009091307,0,0,1,3274,0,22
367,1,2009091307,0,0,1,3274,0,11
368,2,2009091307,21,1,1,3274,10,11
369,3,2009091307,4,1,1,3240,10,11
370,2,2009091307,5,2,1,3205,6,11
371,3,2009091307,4,3,1,3170,1,11
372,2,2009091307,12,1,1,3135,10,11
373,2,2009091307,0,1,1,3096,10,11
374,3,2009091307,9,2,1,3090,10,11
375,3,2009091307,-4,3,1,3057,1,11
376,6,2009091307,0,4,1,3018,5,11
377,1,2009091307,19,0,1,3012,0,22
378,3,2009091307,1,1,1,3005,10,22
379,2,2009091307,0,2,1,2975,9,22
380,7,2009091307,0,3,1,2970,9,22
381,2,2009091307,11,3,1,2970,14,22
382,4,2009091307,12,4,1,2929,3,22
383,3,2009091307,1,1,1,2918,10,11
384,2,2009091307,0,2,1,2890,9,11
385,2,2009091307,0,3,1,2885,9,11
386,4,2009091307,0,4,1,2881,9,11
387,3,2009091307,5,1,1,2868,10,22
388,2,2009091307,2,2,1,2830,5,22
389,2,2009091307,0,3,1,2791,3,22
390,4,2009091307,43,4,1,2785,3,22
391,2,2009091307,3,1,1,2771,10,11
392,3,2009091307,-1,2,1,2740,7,11
394,2,2009091307,7,3,2,2700,8,11
396,3,2009091307,4,4,2,2651,1,11
397,11,2009091307,0,0,2,2646,0,11
398,1,2009091307,19,0,2,2646,0,22
399,2,2009091307,8,1,2,2641,10,22
400,3,2009091307,1,2,2,2602,2,22
401,3,2009091307,4,3,2,2560,1,22
402,7,2009091307,0,1,2,2520,10,22
403,3,2009091307,4,1,2,2499,5,22
404,3,2009091307,1,2,2,2474,1,22
405,2,2009091307,0,1,2,2438,10,22
406,3,2009091307,6,1,2,2423,10,11
407,2,2009091307,0,2,2,2388,4,11
408,3,2009091307,0,3,2,2382,4,11
409,4,2009091307,11,4,2,2343,4,11
410,3,2009091307,13,1,2,2329,10,22
411,2,2009091307,0,1,2,2297,10,22
412,3,2009091307,9,2,2,2293,10,22
413,2,2009091307,14,3,2,2256,1,22
414,3,2009091307,2,1,2,2223,10,22
415,3,2009091307,4,2,2,2191,8,22
416,2,2009091307,13,3,2,2148,4,22
417,2,2009091307,7,1,2,2106,10,22
418,3,2009091307,2,2,2,2065,3,22
420,2,2009091307,1,3,2,2029,1,22
421,11,2009091307,0,0,2,2025,0,22
422,1,2009091307,0,0,2,2025,0,11
423,2,2009091307,8,1,2,2025,10,11
424,3,2009091307,3,2,2,1993,2,11
425,5,2009091307,-7,1,2,1963,10,11
427,2,2009091307,0,2,2,1956,17,11
428,2,2009091307,0,3,2,1952,17,11
429,4,2009091307,0,4,2,1948,17,11
430,2,2009091307,20,1,2,1941,10,22
432,2,2009091307,6,1,2,1920,10,22
433,2,2009091307,18,2,2,1899,4,22
434,2,2009091307,15,1,2,1877,10,22
435,11,2009091307,0,0,2,1870,0,22
436,1,2009091307,29,0,2,1870,0,11
438,1,2009091307,29,0,2,1871,0,11
440,2,2009091307,0,1,2,1863,10,11
441,2,2009091307,5,2,2,1859,10,11
442,2,2009091307,0,3,2,1854,5,11
443,4,2009091307,0,4,2,1850,5,11
444,7,2009091307,0,1,2,1839,10,11
445,2,2009091307,51,1,2,1839,15,11
446,2,2009091307,0,1,2,1827,10,22
447,7,2009091307,0,2,2,1821,10,22
448,2,2009091307,0,1,2,1816,10,22
449,3,2009091307,-1,2,2,1811,10,22
451,6,2009091307,0,3,2,1807,11,22
452,12,2009091307,-1,1,2,1801,10,11
454,1,2009091307,30,0,3,1800,0,11
455,3,2009091307,4,1,3,1791,10,11
456,2,2009091307,0,2,3,1756,6,11
457,2,2009091307,64,3,3,1751,6,11
458,3,2009091307,1,1,3,1715,3,11
459,3,2009091307,0,2,3,1676,2,11
460,2,2009091307,0,3,3,1634,2,11
461,3,2009091307,0,1,3,1631,1,11
462,3,2009091307,1,1,3,1610,1,11
463,11,2009091307,0,0,3,1607,0,11
464,1,2009091307,8,0,3,1607,0,22
465,2,2009091307,11,1,3,1602,10,22
466,3,2009091307,1,1,3,1560,10,22
467,2,2009091307,8,2,3,1525,9,22
468,3,2009091307,22,3,3,1488,1,22
469,2,2009091307,6,1,3,1446,10,22
470,3,2009091307,8,2,3,1404,4,22
471,3,2009091307,1,1,3,1363,10,22
472,7,2009091307,0,2,3,1327,9,22
473,2,2009091307,12,2,3,1311,14,22
474,2,2009091307,0,3,3,1280,2,22
475,6,2009091307,0,4,3,1275,2,22
476,1,2009091307,87,0,3,1271,0,11
477,3,2009091307,0,1,3,1255,10,11
478,2,2009091307,11,2,3,1216,10,11
479,3,2009091307,0,1,3,1171,1,11
480,7,2009091307,0,2,3,1134,1,11
481,2,2009091307,0,2,3,1117,6,11
482,2,2009091307,0,3,3,1110,6,11
483,6,2009091307,0,4,3,1106,6,11
484,1,2009091307,41,0,3,1102,0,22
485,2,2009091307,58,1,3,1091,10,22
486,11,2009091307,0,0,3,1083,0,22
487,1,2009091307,16,0,3,1083,0,11
488,2,2009091307,19,1,3,1077,10,11
489,2,2009091307,11,1,3,1039,10,11
490,2,2009091307,0,2,3,1015,10,11
491,2,2009091307,0,3,3,1012,10,11
492,3,2009091307,-2,1,3,1003,10,22
493,1,2009091307,19,0,3,989,0,22
494,2,2009091307,8,1,3,989,10,22
495,3,2009091307,1,2,3,942,2,22
497,3,2009091307,9,3,4,900,1,22
498,2,2009091307,14,1,4,866,10,22
499,3,2009091307,6,1,4,824,10,22
500,3,2009091307,9,2,4,788,4,22
501,3,2009091307,0,1,4,748,10,22
502,3,2009091307,1,2,4,709,10,22
503,2,2009091307,15,3,4,666,9,22
504,3,2009091307,4,1,4,620,10,22
505,2,2009091307,3,1,4,594,6,22
506,7,2009091307,2,2,4,552,3,22
507,2,2009091307,0,2,4,524,13,22
508,2,2009091307,13,3,4,518,13,22
509,11,2009091307,0,0,4,509,0,22
510,1,2009091307,18,0,4,509,0,11
511,2,2009091307,9,1,4,504,10,11
512,3,2009091307,1,2,4,470,1,11
513,2,2009091307,0,1,4,434,10,11
514,2,2009091307,0,2,4,429,10,11
515,2,2009091307,9,3,4,425,10,11
517,2,2009091307,14,4,4,378,1,11
518,2,2009091307,7,1,4,354,10,11
519,2,2009091307,0,2,4,323,3,11
520,2,2009091307,7,3,4,318,3,11
521,2,2009091307,0,1,4,302,10,11
522,3,2009091307,1,1,4,288,10,22
523,3,2009091307,15,2,4,251,9,22
524,3,2009091307,5,1,4,210,10,22
525,3,2009091307,9,2,4,166,5,22
526,3,2009091307,10,1,4,123,10,22
528,7,2009091307,4,1,4,115,4,22
529,3,2009091307,2,1,4,110,14,22
530,3,2009091307,-2,2,4,63,12,22
531,3,2009091307,0,3,4,21,14,22
532,13,2009091307,0,0,4,0,0,22
533,1,2009091308,36,0,1,3600,0,9
534,3,2009091308,-1,1,1,3592,10,9
535,2,2009091308,7,2,1,3561,11,9
536,3,2009091308,7,3,1,3516,4,9
537,2,2009091308,13,1,1,3472,10,9
538,3,2009091308,12,1,1,3437,10,9
539,5,2009091308,-9,1,1,3409,10,9
540,3,2009091308,2,2,1,3370,19,9
542,3,2009091308,0,3,1,3322,17,9
543,6,2009091308,0,4,1,3282,17,9
544,1,2009091308,0,0,1,3275,0,32
545,3,2009091308,2,1,1,3275,10,32
546,3,2009091308,11,2,1,3241,8,32
547,2,2009091308,19,1,1,3196,10,32
548,2,2009091308,14,1,1,3160,10,32
549,3,2009091308,14,1,1,3122,10,32
550,7,2009091308,14,1,1,3084,10,32
551,2,2009091308,4,1,1,3048,15,32
552,3,2009091308,1,2,1,3024,11,32
553,2,2009091308,0,3,1,2986,10,32
554,6,2009091308,17,4,1,2979,10,32
555,3,2009091308,19,1,1,2967,10,9
556,3,2009091308,3,1,1,2937,10,9
557,2,2009091308,18,2,1,2898,7,9
558,3,2009091308,1,1,1,2871,8,9
559,3,2009091308,3,2,1,2836,7,9
560,2,2009091308,0,3,1,2794,4,9
561,6,2009091308,0,4,1,2787,4,9
562,1,2009091308,22,0,1,2782,0,32
563,3,2009091308,7,1,1,2774,10,32
564,3,2009091308,6,2,1,2742,3,32
566,2,2009091308,14,1,2,2700,10,32
567,3,2009091308,9,1,2,2658,10,32
568,3,2009091308,0,2,2,2621,1,32
569,3,2009091308,2,3,2,2585,1,32
571,2,2009091308,0,1,2,2545,10,32
572,3,2009091308,35,2,2,2538,10,32
573,3,2009091308,4,1,2,2505,5,32
574,3,2009091308,0,2,2,2465,1,32
575,3,2009091308,1,3,2,2426,1,32
576,11,2009091308,0,0,2,2419,0,32
577,1,2009091308,14,0,2,2419,0,9
578,3,2009091308,23,1,2,2412,10,9
579,3,2009091308,3,1,2,2388,10,9
580,2,2009091308,0,2,2,2348,7,9
581,2,2009091308,0,3,2,2340,7,9
582,4,2009091308,0,4,2,2332,7,9
583,2,2009091308,30,1,2,2322,10,32
584,3,2009091308,2,1,2,2289,10,32
585,3,2009091308,2,2,2,2254,8,32
586,2,2009091308,0,3,2,2210,6,32
587,4,2009091308,0,4,2,2203,6,32
588,3,2009091308,3,1,2,2193,10,9
589,2,2009091308,0,2,2,2147,7,9
590,2,2009091308,5,3,2,2137,7,9
591,7,2009091308,0,4,2,2115,2,9
592,3,2009091308,2,1,2,2106,10,9
593,2,2009091308,0,2,2,2065,8,9
594,2,2009091308,20,3,2,2060,8,9
595,2,2009091308,0,1,2,2013,10,9
596,3,2009091308,16,2,2,2006,10,9
597,2,2009091308,0,2,2,1977,20,9
599,2,2009091308,1,3,2,1970,20,9
600,4,2009091308,13,4,2,1935,19,9
601,2,2009091308,-1,1,2,1920,10,32
602,3,2009091308,1,2,2,1880,11,32
603,3,2009091308,4,3,2,1872,10,32
605,4,2009091308,0,4,2,1868,6,32
606,2,2009091308,9,1,2,1862,10,9
607,7,2009091308,0,2,2,1855,1,9
608,2,2009091308,42,1,2,1855,10,9
609,11,2009091308,0,0,2,1846,0,9
610,1,2009091308,26,0,2,1846,0,32
611,2,2009091308,3,1,2,1838,10,32
612,2,2009091308,47,2,2,1816,7,32
614,2,2009091308,0,1,2,1807,10,32
616,6,2009091308,0,2,2,1802,10,32
617,1,2009091308,0,0,3,1800,0,32
618,3,2009091308,2,1,3,1800,10,32
619,2,2009091308,14,2,3,1766,8,32
620,2,2009091308,0,1,3,1724,10,32
621,3,2009091308,5,2,3,1717,10,32
622,2,2009091308,0,3,3,1676,5,32
623,4,2009091308,0,4,3,1668,5,32
624,2,2009091308,13,1,3,1660,10,9
625,3,2009091308,0,1,3,1632,10,9
626,2,2009091308,66,2,3,1594,10,9
627,11,2009091308,0,0,3,1583,0,9
628,1,2009091308,0,0,3,1583,0,32
629,2,2009091308,4,1,3,1583,10,32
630,3,2009091308,2,2,3,1547,6,32
631,2,2009091308,2,3,3,1511,4,32
632,4,2009091308,0,4,3,1469,2,32
633,2,2009091308,6,1,3,1455,10,9
634,3,2009091308,-1,2,3,1417,4,9
635,2,2009091308,0,3,3,1372,5,9
636,4,2009091308,14,4,3,1366,5,9
637,3,2009091308,1,1,3,1353,10,32
638,2,2009091308,0,2,3,1316,9,32
639,2,2009091308,3,3,3,1309,9,32
640,4,2009091308,3,4,3,1271,6,32
641,2,2009091308,5,1,3,1258,10,9
642,3,2009091308,3,2,3,1224,5,9
643,2,2009091308,18,3,3,1178,2,9
644,2,2009091308,0,1,3,1147,10,9
645,2,2009091308,0,2,3,1139,10,9
646,2,2009091308,0,3,3,1134,10,9
647,4,2009091308,0,4,3,1128,10,9
648,3,2009091308,12,1,3,1116,10,32
649,3,2009091308,0,1,3,1078,10,32
650,3,2009091308,22,2,3,1046,13,32
651,7,2009091308,0,1,3,1023,10,32
652,3,2009091308,3,1,3,1013,10,32
653,2,2009091308,7,2,3,971,7,32
654,2,2009091308,0,1,3,925,10,32
655,2,2009091308,20,2,3,919,10,32
657,2,2009091308,0,1,4,900,10,32
658,3,2009091308,4,2,4,893,10,32
659,2,2009091308,14,3,4,844,6,32
660,3,2009091308,1,1,4,830,1,32
661,11,2009091308,0,0,4,825,0,32
662,1,2009091308,20,0,4,825,0,9
663,3,2009091308,1,1,4,818,10,9
664,2,2009091308,80,2,4,776,9,9
665,11,2009091308,0,0,4,763,0,9
666,1,2009091308,36,0,4,763,0,32
667,2,2009091308,6,1,4,754,10,32
668,3,2009091308,5,2,4,732,4,32
669,2,2009091308,0,1,4,690,10,32
670,2,2009091308,13,2,4,682,10,32
671,2,2009091308,0,1,4,643,10,32
672,3,2009091308,6,2,4,636,10,32
673,2,2009091308,10,3,4,592,4,32
674,3,2009091308,3,1,4,559,10,32
675,2,2009091308,0,2,4,516,7,32
676,2,2009091308,0,3,4,511,7,32
677,2,2009091308,0,4,4,464,7,32
678,3,2009091308,4,1,4,458,10,9
679,2,2009091308,6,2,4,418,6,9
680,2,2009091308,44,1,4,371,10,9
681,3,2009091308,9,1,4,334,10,9
682,3,2009091308,5,2,4,288,1,9
683,3,2009091308,6,1,4,246,6,9
684,11,2009091308,0,0,4,237,0,9
685,1,2009091308,17,0,4,237,0,32
686,2,2009091308,0,1,4,230,10,32
687,2,2009091308,3,2,4,223,10,32
688,2,2009091308,17,3,4,182,7,32
689,2,2009091308,7,1,4,156,10,32
690,2,2009091308,17,2,4,134,3,32
691,2,2009091308,8,1,4,126,10,32
693,2,2009091308,0,2,4,119,2,32
694,7,2009091308,0,3,4,113,2,32
695,2,2009091308,0,1,4,107,9,32
696,2,2009091308,0,2,4,105,9,32
697,3,2009091308,7,3,4,101,9,32
698,2,2009091308,2,4,4,91,2,32
699,11,2009091308,0,0,4,88,0,32
700,1,2009091308,5,0,4,88,0,9
701,3,2009091308,6,1,4,86,10,9
702,3,2009091308,3,2,4,42,4,9
703,13,2009091308,0,0,4,0,0,9
704,1,2009091305,32,0,1,3600,0,13
705,3,2009091305,2,1,1,3592,10,13
706,2,2009091305,7,2,1,3550,8,13
707,3,2009091305,11,3,1,3513,1,13
708,3,2009091305,-2,1,1,3471,10,13
709,2,2009091305,0,2,1,3431,12,13
710,2,2009091305,0,3,1,3431,12,13
711,4,2009091305,4,4,1,3418,12,13
712,3,2009091305,-3,1,1,3406,10,24
713,2,2009091305,0,2,1,3363,13,24
714,2,2009091305,8,3,1,3356,13,24
715,4,2009091305,0,4,1,3320,5,24
716,3,2009091305,0,1,1,3312,10,13
717,2,2009091305,3,2,1,3312,10,13
718,2,2009091305,0,3,1,3230,7,13
719,4,2009091305,0,4,1,3224,7,13
720,3,2009091305,1,1,1,3215,10,24
721,7,2009091305,0,2,1,3174,9,24
722,3,2009091305,-1,1,1,3168,10,24
723,3,2009091305,1,2,1,3129,11,24
724,2,2009091305,11,3,1,3092,10,24
725,2,2009091305,0,1,1,3049,10,24
726,2,2009091305,0,2,1,3044,10,24
727,2,2009091305,18,3,1,3034,10,24
728,2,2009091305,0,1,1,3000,10,24
729,3,2009091305,8,2,1,2994,10,24
730,7,2009091305,0,3,1,2994,2,24
731,2,2009091305,10,3,1,2926,7,24
732,3,2009091305,0,1,1,2887,10,24
733,2,2009091305,14,2,1,2850,9,24
734,3,2009091305,2,1,1,2805,10,24
735,3,2009091305,3,2,1,2805,8,24
737,2,2009091305,0,3,1,2716,5,24
738,6,2009091305,0,4,1,2712,5,24
739,1,2009091305,12,0,1,2708,0,13
740,2,2009091305,9,1,1,2701,10,13
742,2,2009091305,2,2,2,2700,1,13
743,2,2009091305,0,1,2,2663,10,13
744,3,2009091305,4,2,2,2656,10,13
745,4,2009091305,0,3,2,2614,6,13
746,4,2009091305,0,4,2,2609,6,13
747,7,2009091305,0,1,2,2600,10,24
748,3,2009091305,12,1,2,2600,15,24
749,2,2009091305,0,2,2,2600,3,24
750,2,2009091305,0,3,2,2560,3,24
751,4,2009091305,0,4,2,2554,3,24
752,3,2009091305,-1,1,2,2546,10,13
753,3,2009091305,-2,2,2,2502,11,13
754,2,2009091305,14,3,2,2460,13,13
755,3,2009091305,6,1,2,2426,10,13
756,3,2009091305,5,2,2,2382,4,13
757,2,2009091305,14,1,2,2345,10,13
758,3,2009091305,-1,1,2,2304,10,13
759,2,2009091305,18,2,2,2263,11,13
760,3,2009091305,15,1,2,2249,10,24
761,3,2009091305,1,1,2,2226,10,24
762,2,2009091305,0,2,2,2189,9,24
763,2,2009091305,20,3,2,2182,9,24
764,3,2009091305,-1,1,2,2135,10,24
765,3,2009091305,3,2,2,2103,11,24
766,2,2009091305,10,3,2,2103,8,24
767,2,2009091305,0,1,2,2019,10,24
768,3,2009091305,0,2,2,2012,10,24
769,2,2009091305,30,3,2,2007,10,24
770,11,2009091305,0,0,2,2001,0,24
771,1,2009091305,21,0,2,2001,0,13
772,7,2009091305,16,1,2,1994,10,13
773,2,2009091305,0,1,2,1963,15,13
775,7,2009091305,0,2,2,1920,15,13
776,2,2009091305,7,2,2,1920,17,13
777,2,2009091305,8,3,2,1878,10,13
779,4,2009091305,18,4,2,1871,2,13
780,2,2009091305,3,1,2,1858,10,24
781,3,2009091305,0,2,2,1853,7,24
782,2,2009091305,5,3,2,1829,7,24
784,2,2009091305,25,4,2,1802,2,24
786,1,2009091305,20,0,3,1800,0,24
787,3,2009091305,3,1,3,1793,10,24
788,3,2009091305,2,2,3,1755,7,24
789,2,2009091305,10,3,3,1710,5,24
790,2,2009091305,7,1,3,1664,10,24
791,3,2009091305,1,2,3,1633,3,24
792,2,2009091305,25,3,3,1591,2,24
793,2,2009091305,11,1,3,1556,10,24
794,3,2009091305,2,1,3,1519,10,24
795,3,2009091305,11,2,3,1473,8,24
796,3,2009091305,0,1,3,1441,10,24
797,7,2009091305,0,2,3,1402,10,24
798,3,2009091305,9,1,3,1396,10,24
799,3,2009091305,1,2,3,1359,1,24
800,11,2009091305,0,0,3,1355,0,24
801,1,2009091305,29,0,3,1355,0,13
802,3,2009091305,7,1,3,1348,10,13
803,5,2009091305,-8,2,3,1327,3,13
804,2,2009091305,0,3,3,1302,11,13
805,4,2009091305,12,4,3,1295,11,13
806,2,2009091305,0,1,3,1281,10,24
807,3,2009091305,3,2,3,1274,10,24
808,2,2009091305,0,3,3,1231,7,24
809,4,2009091305,0,4,3,1227,7,24
810,2,2009091305,27,1,3,1218,10,13
811,2,2009091305,1,1,3,1192,10,13
812,2,2009091305,0,2,3,1160,9,13
813,2,2009091305,7,3,3,1157,9,13
814,2,2009091305,0,4,3,1117,2,13
815,3,2009091305,1,1,3,1113,10,24
816,7,2009091305,-2,2,3,1078,9,24
817,3,2009091305,11,2,3,1047,19,24
818,2,2009091305,4,3,3,1008,8,24
819,4,2009091305,0,4,3,962,4,24
820,3,2009091305,3,1,3,954,10,13
821,2,2009091305,0,1,3,929,10,13
822,2,2009091305,14,2,3,925,10,13
823,2,2009091305,0,1,3,901,10,13
825,2,2009091305,0,2,4,900,10,13
826,5,2009091305,-13,3,4,896,10,13
827,4,2009091305,0,4,4,879,23,13
828,2,2009091305,0,1,4,868,10,24
829,7,2009091305,0,2,4,868,10,24
830,2,2009091305,21,2,4,863,15,24
831,7,2009091305,0,1,4,822,10,24
832,3,2009091305,0,1,4,795,15,24
833,2,2009091305,0,2,4,755,15,24
834,1,2009091305,0,0,4,738,0,24
835,3,2009091305,2,1,4,738,10,24
836,3,2009091305,5,2,4,702,8,24
837,2,2009091305,40,3,4,671,3,24
838,7,2009091305,0,1,4,671,10,24
839,3,2009091305,38,1,4,617,15,24
840,11,2009091305,0,0,4,610,0,24
841,1,2009091305,24,0,4,610,0,13
842,2,2009091305,0,1,4,602,10,13
843,2,2009091305,17,2,4,596,10,13
844,2,2009091305,7,1,4,567,10,13
845,2,2009091305,0,2,4,543,3,13
846,3,2009091305,6,3,4,542,3,13
847,2,2009091305,7,1,4,516,10,13
848,2,2009091305,4,2,4,486,3,13
849,2,2009091305,0,1,4,454,10,13
850,2,2009091305,0,2,4,449,10,13
851,3,2009091305,1,1,4,440,10,24
852,3,2009091305,39,2,4,399,9,24
854,3,2009091305,0,1,4,357,10,24
855,3,2009091305,3,2,4,312,10,24
856,3,2009091305,7,3,4,268,7,24
857,3,2009091305,3,1,4,220,10,24
858,3,2009091305,2,2,4,176,7,24
859,3,2009091305,4,3,4,133,5,24
861,3,2009091305,2,4,4,120,1,24
863,3,2009091305,5,1,4,102,10,24
864,12,2009091305,-4,2,4,57,5,24
865,12,2009091305,-2,3,4,16,9,24
866,13,2009091305,0,0,4,0,0,24
867,1,2009091306,0,0,1,3600,0,14
868,3,2009091306,4,1,1,3600,10,14
869,2,2009091306,15,2,1,3568,6,14
870,2,2009091306,16,1,1,3514,10,14
871,3,2009091306,0,1,1,3485,10,14
872,2,2009091306,4,2,1,3472,10,14
873,2,2009091306,6,1,1,3440,10,14
874,3,2009091306,3,2,1,3398,4,14
875,3,2009091306,13,3,1,3354,1,14
876,2,2009091306,0,1,1,3310,4,14
877,2,2009091306,0,2,1,3306,4,14
878,2,2009091306,1,1,1,3299,10,15
879,3,2009091306,6,2,1,3264,9,15
880,2,2009091306,13,3,1,3223,3,15
881,2,2009091306,1,1,1,3185,10,15
882,3,2009091306,8,2,1,3149,9,15
883,3,2009091306,3,3,1,3115,1,15
884,5,2009091306,-8,1,1,3078,10,15
885,2,2009091306,10,2,1,3047,18,15
886,2,2009091306,3,3,1,3007,8,15
887,4,2009091306,0,4,1,2968,5,15
888,3,2009091306,1,1,1,2961,10,14
889,2,2009091306,7,2,1,2921,9,14
890,2,2009091306,6,3,1,2878,2,14
891,3,2009091306,1,1,1,2835,10,14
892,2,2009091306,4,2,1,2796,9,14
893,2,2009091306,5,3,1,2775,5,14
894,2,2009091306,0,1,1,2747,10,14
895,2,2009091306,17,2,1,2741,10,14
896,3,2009091306,1,1,1,2705,10,14
898,2,2009091306,16,2,2,2700,9,14
899,3,2009091306,4,1,2,2682,10,14
900,3,2009091306,-1,2,2,2640,6,14
901,3,2009091306,1,1,2,2633,10,15
902,2,2009091306,8,2,2,2596,9,15
903,3,2009091306,2,3,2,2572,1,15
904,2,2009091306,7,1,2,2537,10,15
905,3,2009091306,26,2,2,2501,3,15
906,3,2009091306,5,1,2,2460,10,15
907,3,2009091306,3,2,2,2422,5,15
908,3,2009091306,0,1,2,2397,6,15
909,2,2009091306,0,2,2,2352,6,15
910,2,2009091306,0,3,2,2347,6,15
911,6,2009091306,0,4,2,2342,6,15
912,1,2009091306,24,0,2,2338,0,14
913,5,2009091306,-7,1,2,2333,10,14
914,2,2009091306,4,2,2,2307,17,14
915,2,2009091306,39,3,2,2290,13,14
916,3,2009091306,4,1,2,2245,10,14
917,2,2009091306,0,2,2,2211,6,14
918,2,2009091306,21,3,2,2206,6,14
919,3,2009091306,0,1,2,2180,10,14
920,2,2009091306,8,2,2,2146,10,14
921,3,2009091306,5,3,2,2106,2,14
922,3,2009091306,1,1,2,2063,4,14
923,3,2009091306,3,2,2,2023,3,14
924,11,2009091306,0,0,2,2019,0,14
925,1,2009091306,26,0,2,2019,0,15
926,2,2009091306,26,1,2,2013,10,15
927,2,2009091306,0,1,2,1973,10,15
928,2,2009091306,9,2,2,1966,10,15
930,3,2009091306,2,3,2,1920,1,15
931,3,2009091306,2,1,2,1887,10,15
933,2,2009091306,0,2,2,1876,8,15
934,2,2009091306,2,3,2,1870,8,15
936,6,2009091306,0,4,2,1864,6,15
937,1,2009091306,39,0,2,1859,0,14
938,2,2009091306,0,1,2,1851,10,14
939,2,2009091306,7,2,2,1847,10,14
941,3,2009091306,2,3,2,1838,3,14
943,2,2009091306,0,4,2,1808,1,14
944,6,2009091306,0,1,2,1803,10,15
945,1,2009091306,28,0,3,1800,0,15
946,7,2009091306,0,1,3,1794,10,15
947,3,2009091306,4,1,3,1794,5,15
948,2,2009091306,14,2,3,1752,1,15
949,3,2009091306,4,1,3,1706,10,15
950,2,2009091306,0,2,3,1669,6,15
951,2,2009091306,0,3,3,1665,6,15
952,4,2009091306,0,4,3,1660,6,15
953,3,2009091306,4,1,3,1650,10,14
954,2,2009091306,11,2,3,1617,6,14
955,2,2009091306,6,1,3,1573,10,14
956,7,2009091306,0,2,3,1573,4,14
957,2,2009091306,0,2,3,1516,9,14
959,2,2009091306,10,3,3,1511,9,14
960,3,2009091306,12,1,3,1466,10,14
961,3,2009091306,4,1,3,1430,10,14
962,3,2009091306,3,2,3,1397,6,14
963,2,2009091306,6,3,3,1351,3,14
964,2,2009091306,35,1,3,1324,10,14
965,11,2009091306,0,0,3,1316,0,14
966,1,2009091306,0,0,3,1316,0,15
967,3,2009091306,4,1,3,1316,10,15
968,3,2009091306,1,2,3,1285,6,15
969,2,2009091306,0,3,3,1243,5,15
970,4,2009091306,5,4,3,1239,5,15
971,2,2009091306,0,1,3,1229,10,14
972,2,2009091306,4,2,3,1222,10,14
973,2,2009091306,5,3,3,1185,6,14
974,4,2009091306,0,4,3,1145,1,14
975,7,2009091306,0,1,3,1136,10,15
976,3,2009091306,2,1,3,1136,14,15
977,2,2009091306,0,2,3,1099,12,15
978,2,2009091306,0,3,3,1092,12,15
979,4,2009091306,0,4,3,1088,12,15
980,2,2009091306,1,1,3,1077,10,14
981,3,2009091306,-1,2,3,1047,9,14
982,2,2009091306,0,3,3,1008,10,14
983,6,2009091306,0,4,3,1002,10,14
984,2,2009091306,0,1,3,997,10,15
985,3,2009091306,8,2,3,991,10,15
986,3,2009091306,4,3,3,955,2,15
987,2,2009091306,7,1,3,916,10,15
989,3,2009091306,2,2,4,900,3,15
990,3,2009091306,3,3,4,860,1,15
991,2,2009091306,19,1,4,821,10,15
992,3,2009091306,5,1,4,783,10,15
993,3,2009091306,3,2,4,757,5,15
994,3,2009091306,0,3,4,715,2,15
996,3,2009091306,7,4,4,672,2,15
997,3,2009091306,0,0,4,667,0,15
998,1,2009091306,19,0,4,667,0,14
999,3,2009091306,0,1,4,660,10,14
1000,2,2009091306,14,2,4,620,10,14
1001,3,2009091306,4,1,4,587,10,14
1002,2,2009091306,10,2,4,544,6,14
1003,3,2009091306,2,1,4,519,10,14
1004,2,2009091306,0,2,4,475,8,14
1005,2,2009091306,6,3,4,469,8,14
1006,4,2009091306,0,4,4,428,2,14
1007,2,2009091306,0,1,4,415,10,15
1008,3,2009091306,2,2,4,411,10,15
1009,3,2009091306,7,3,4,369,8,15
1010,4,2009091306,0,4,4,325,1,15
1011,3,2009091306,3,1,4,317,10,14
1012,3,2009091306,5,1,4,294,10,14
1013,2,2009091306,10,2,4,265,5,14
1014,3,2009091306,1,1,4,221,10,14
1015,2,2009091306,8,2,4,178,9,14
1016,3,2009091306,0,3,4,135,1,14
1018,3,2009091306,0,4,4,126,1,14
1019,2,2009091306,2,1,4,119,10,15
1020,2,2009091306,0,2,4,94,8,15
1021,2,2009091306,0,3,4,88,8,15
1022,2,2009091306,0,4,4,83,8,15
1023,12,2009091306,-1,1,4,75,10,14
1025,12,2009091306,-2,2,4,72,11,14
1026,12,2009091306,-1,3,4,36,13,14
1027,13,2009091306,0,0,4,0,0,14
1028,1,2009091303,0,0,1,3600,0,10
1029,3,2009091303,8,1,1,3595,10,10
1030,3,2009091303,14,2,1,3557,2,10
1031,3,2009091303,1,1,1,3519,10,10
1032,2,2009091303,0,2,1,3481,9,10
1033,2,2009091303,0,3,1,3478,9,10
1034,4,2009091303,0,4,1,3471,9,10
1035,3,2009091303,1,1,1,3463,10,7
1036,3,2009091303,0,2,1,3427,9,7
1037,2,2009091303,18,3,1,3383,9,7
1038,2,2009091303,22,1,1,3346,10,7
1039,3,2009091303,14,1,1,3307,10,7
1040,2,2009091303,0,1,1,3283,16,7
1041,3,2009091303,6,2,1,3278,16,7
1042,2,2009091303,0,3,1,3233,10,7
1043,4,2009091303,0,4,1,3228,10,7
1044,3,2009091303,5,1,1,3220,10,10
1045,3,2009091303,0,2,1,3185,5,10
1046,2,2009091303,0,3,1,3148,5,10
1047,4,2009091303,14,4,1,3143,5,10
1048,7,2009091303,16,1,1,3130,10,7
1049,3,2009091303,5,1,1,3105,15,7
1050,3,2009091303,8,2,1,3066,10,7
1051,2,2009091303,0,3,1,3022,2,7
1052,3,2009091303,5,4,1,3016,2,7
1053,2,2009091303,19,1,1,2972,10,7
1054,2,2009091303,5,1,1,2929,10,7
1055,3,2009091303,2,2,1,2892,5,7
1056,3,2009091303,1,3,1,2851,3,7
1057,3,2009091303,0,4,1,2811,2,7
1058,5,2009091303,-4,1,1,2804,10,10
1059,2,2009091303,8,2,1,2780,14,10
1060,5,2009091303,-5,3,1,2734,6,10
1061,4,2009091303,11,4,1,2717,11,10
1062,2,2009091303,34,1,1,2707,10,7
1064,5,2009091303,-10,1,2,2700,10,7
1066,3,2009091303,6,2,2,2667,20,7
1067,2,2009091303,0,3,2,2628,14,7
